Name,Shop Code,Latitude,Longitude,Full Address,Zip Code,Images,Website,Menu_Items_Cleaned
Pavement Coffeehouse - Allston,BOS-AL-101,42.3502999,-71.1678518,"1243 Commonwealth Ave, Allston, MA 02134, United States",2134,https://lh3.googleusercontent.com/gps-cs-s/AHVAwepQIt8yLPKUmMSPJG8dWY5VsuDw2xSz3ELMH5sBuGmCf97x7S6iobjYhBX3UH44nIhccjW6OXimDFG5VETeKTO4PjarPHlyFD0UXdP0XekKZ6xephujkFaer1R3U-27PqJpxKduBA=w114-h86-k-no | https://lh3.googleusercontent.com/gps-cs-s/AHVAwerqOTJDigTy-BtLv1IV_QfJ8rp9E245Q7ahlW1EE9-Xu4TZj1EE0v4jovJHm9jgm6WFttILjwTqPn8P-At6ohcvCtaC1fsthsFis4XRctkWYgpbW3xacDtinXiZiLmO1zavZErS=w114-h86-k-no | https://lh3.googleusercontent.com/gps-cs-s/AHVAweoPNcJ6fV_YPuZR7iVNKxrsZaW9YPYqCHaMrDk8cLp3RWF3rjD4Blb77B8B0VQ1LvqLbV-_AzioQc_clP0fCOTBJGXGoedQhsx7-nEHuqLiNfn0rsuSF6fYCqoXhnUAPHKxfQleIg=w86-h114-k-no | https://lh3.googleusercontent.com/gps-cs-s/AHVAweqtDYYjRYZqHNlIlT2dcSDL5aQ0vqs0ghHsZ2Cx4B81QGdX6j7G1j-cAZGqrcsijAEH7IidneECJt-rkKWEYPUn5ALSB1J-YABntKjfaK4dbvmqbPkm7JKbSgmWGPn10yBKSfw7XA=w152-h86-k-no | https://lh3.googleusercontent.com/gps-cs-s/AHVAweo-59o2BXyXE-b4ujy_Do8HKg8s712Pa7jM0MmyDvf6F82COt0xqNI7iLVVZ-GE97RQUjncfr7BkQMR_fzRWCTLLGd7cStJ2Tb3z7eE21FxkEpWTbFHkSXA6pUmABFF2OxzFfjzOQ=w114-h86-k-no,http://pavementcoffeehouse.com/,"ORDER AHEAD ; Spring has sprung ; Explore our menu items ; FIND A LOCATION ; ORDER
AHEAD ; FREE SHIPPING ALWAYS ; GET STARTED ; Customers are saying ; Underwhelming taste
Deepak
Rathskeller House Blend ; Underwhelming taste ; Rathskeller House Blend ; JOIN THE PAVEMENT TEAM ; GROW WITH US ; Dont worry, we keep it pretty casual. ; OUR STORY ; JOBS"
Cafe Weekend,BOS-AL-102,42.3502999,-71.1678518,"120 Harvard Ave, Boston, MA 02134, United States",2134,https://lh3.googleusercontent.com/gps-cs-s/AHVAwepQIt8yLPKUmMSPJG8dWY5VsuDw2xSz3ELMH5sBuGmCf97x7S6iobjYhBX3UH44nIhccjW6OXimDFG5VETeKTO4PjarPHlyFD0UXdP0XekKZ6xephujkFaer1R3U-27PqJpxKduBA=w32-h32-p-k-no | https://lh3.googleusercontent.com/gps-cs-s/AHVAwepQIt8yLPKUmMSPJG8dWY5VsuDw2xSz3ELMH5sBuGmCf97x7S6iobjYhBX3UH44nIhccjW6OXimDFG5VETeKTO4PjarPHlyFD0UXdP0XekKZ6xephujkFaer1R3U-27PqJpxKduBA=w114-h86-k-no | https://lh3.googleusercontent.com/gps-cs-s/AHVAwerqOTJDigTy-BtLv1IV_QfJ8rp9E245Q7ahlW1EE9-Xu4TZj1EE0v4jovJHm9jgm6WFttILjwTqPn8P-At6ohcvCtaC1fsthsFis4XRctkWYgpbW3xacDtinXiZiLmO1zavZErS=w114-h86-k-no | https://lh3.googleusercontent.com/gps-cs-s/AHVAweoPNcJ6fV_YPuZR7iVNKxrsZaW9YPYqCHaMrDk8cLp3RWF3rjD4Blb77B8B0VQ1LvqLbV-_AzioQc_clP0fCOTBJGXGoedQhsx7-nEHuqLiNfn0rsuSF6fYCqoXhnUAPHKxfQleIg=w86-h114-k-no | https://lh3.googleusercontent.com/gps-cs-s/AHVAweqtDYYjRYZqHNlIlT2dcSDL5aQ0vqs0ghHsZ2Cx4B81QGdX6j7G1j-cAZGqrcsijAEH7IidneECJt-rkKWEYPUn5ALSB1J-YABntKjfaK4dbvmqbPkm7JKbSgmWGPn10yBKSfw7XA=w152-h86-k-no,https://cafeweekend120.wixsite.com/cafeweekend,"MENU ; We Make Your Everyday
Feel like the Weekend ; Address ; 120 Harvard Ave.
Allston, MA 02134 ; Cafeweekend120gmail.com ; Opening Hours ; Mon - Fri ; 730 am  900 pm ; Saturday ; 730 am  1030 pm ; Sunday ; 2023 by Cafe Weekend"
Kohi Coffee Company,BOS-AL-103,42.3502999,-71.1678518,"92 Guest St, Boston, MA 02135, United States",2135,https://lh3.googleusercontent.com/gps-cs-s/AHVAweoPNcJ6fV_YPuZR7iVNKxrsZaW9YPYqCHaMrDk8cLp3RWF3rjD4Blb77B8B0VQ1LvqLbV-_AzioQc_clP0fCOTBJGXGoedQhsx7-nEHuqLiNfn0rsuSF6fYCqoXhnUAPHKxfQleIg=w32-h32-p-k-no | https://lh3.googleusercontent.com/gps-cs-s/AHVAwepQIt8yLPKUmMSPJG8dWY5VsuDw2xSz3ELMH5sBuGmCf97x7S6iobjYhBX3UH44nIhccjW6OXimDFG5VETeKTO4PjarPHlyFD0UXdP0XekKZ6xephujkFaer1R3U-27PqJpxKduBA=w32-h32-p-k-no | https://lh3.googleusercontent.com/gps-cs-s/AHVAwepQIt8yLPKUmMSPJG8dWY5VsuDw2xSz3ELMH5sBuGmCf97x7S6iobjYhBX3UH44nIhccjW6OXimDFG5VETeKTO4PjarPHlyFD0UXdP0XekKZ6xephujkFaer1R3U-27PqJpxKduBA=w114-h86-k-no | https://lh3.googleusercontent.com/gps-cs-s/AHVAwerqOTJDigTy-BtLv1IV_QfJ8rp9E245Q7ahlW1EE9-Xu4TZj1EE0v4jovJHm9jgm6WFttILjwTqPn8P-At6ohcvCtaC1fsthsFis4XRctkWYgpbW3xacDtinXiZiLmO1zavZErS=w114-h86-k-no | https://lh3.googleusercontent.com/gps-cs-s/AHVAweoPNcJ6fV_YPuZR7iVNKxrsZaW9YPYqCHaMrDk8cLp3RWF3rjD4Blb77B8B0VQ1LvqLbV-_AzioQc_clP0fCOTBJGXGoedQhsx7-nEHuqLiNfn0rsuSF6fYCqoXhnUAPHKxfQleIg=w86-h114-k-no,http://www.kohicoffee.com/,"Press ; Careers ; Established 2014 in Provincetown, MA ; Provincetown ; 199 Commercial St
Provincetown, MA 02657 ; Open daily 7am - 5pm ; Boston Landing ; 92 Guest St
Brighton, MA 02135 ; Open daily 730am - 500pm ; South End ; 40 Berkeley St
Boston, MA 02116 ; Weekdays  700am - 400pm
Weekends  800am - 400pm ; infokohicoffee.com"
Glasser Coffee Co.,BOS-AL-104,42.3505283,-71.2016797,"589 Washington St, Brighton, MA 02135, United States",2135,https://lh3.googleusercontent.com/gps-cs-s/AHVAweo-59o2BXyXE-b4ujy_Do8HKg8s712Pa7jM0MmyDvf6F82COt0xqNI7iLVVZ-GE97RQUjncfr7BkQMR_fzRWCTLLGd7cStJ2Tb3z7eE21FxkEpWTbFHkSXA6pUmABFF2OxzFfjzOQ=w32-h32-p-k-no | https://lh3.googleusercontent.com/gps-cs-s/AHVAweoPNcJ6fV_YPuZR7iVNKxrsZaW9YPYqCHaMrDk8cLp3RWF3rjD4Blb77B8B0VQ1LvqLbV-_AzioQc_clP0fCOTBJGXGoedQhsx7-nEHuqLiNfn0rsuSF6fYCqoXhnUAPHKxfQleIg=w32-h32-p-k-no | https://lh3.googleusercontent.com/gps-cs-s/AHVAwepQIt8yLPKUmMSPJG8dWY5VsuDw2xSz3ELMH5sBuGmCf97x7S6iobjYhBX3UH44nIhccjW6OXimDFG5VETeKTO4PjarPHlyFD0UXdP0XekKZ6xephujkFaer1R3U-27PqJpxKduBA=w114-h86-k-no | https://lh3.googleusercontent.com/gps-cs-s/AHVAwerqOTJDigTy-BtLv1IV_QfJ8rp9E245Q7ahlW1EE9-Xu4TZj1EE0v4jovJHm9jgm6WFttILjwTqPn8P-At6ohcvCtaC1fsthsFis4XRctkWYgpbW3xacDtinXiZiLmO1zavZErS=w114-h86-k-no | https://lh3.googleusercontent.com/gps-cs-s/AHVAweoPNcJ6fV_YPuZR7iVNKxrsZaW9YPYqCHaMrDk8cLp3RWF3rjD4Blb77B8B0VQ1LvqLbV-_AzioQc_clP0fCOTBJGXGoedQhsx7-nEHuqLiNfn0rsuSF6fYCqoXhnUAPHKxfQleIg=w86-h114-k-no,https://www.glassercoffee.co/,PLACE AN ORDER ; THE COFFEE ; OUR STORE
Cafenation Cafe & Roastery,BOS-AL-105,42.3505283,-71.2016797,"380 Washington St, Brighton, MA 02135, United States",2135,https://lh3.googleusercontent.com/gps-cs-s/AHVAweoczdo_lIT-DwHhwYcZSvVvs8U_W5RsfD2Uubr3HRmtRlGAaqRAfTdF222Shud9Q3wT6RDRp3C5s_ymDeUMW-DpdEJmD-UBHASjaIzO2_n272GVtxUDBfUUKzd2Q_WSUnNZ6NzQ=w32-h32-p-k-no | https://lh3.googleusercontent.com/gps-cs-s/AHVAweo-59o2BXyXE-b4ujy_Do8HKg8s712Pa7jM0MmyDvf6F82COt0xqNI7iLVVZ-GE97RQUjncfr7BkQMR_fzRWCTLLGd7cStJ2Tb3z7eE21FxkEpWTbFHkSXA6pUmABFF2OxzFfjzOQ=w32-h32-p-k-no | https://lh3.googleusercontent.com/gps-cs-s/AHVAwepQIt8yLPKUmMSPJG8dWY5VsuDw2xSz3ELMH5sBuGmCf97x7S6iobjYhBX3UH44nIhccjW6OXimDFG5VETeKTO4PjarPHlyFD0UXdP0XekKZ6xephujkFaer1R3U-27PqJpxKduBA=w114-h86-k-no | https://lh3.googleusercontent.com/gps-cs-s/AHVAwerqOTJDigTy-BtLv1IV_QfJ8rp9E245Q7ahlW1EE9-Xu4TZj1EE0v4jovJHm9jgm6WFttILjwTqPn8P-At6ohcvCtaC1fsthsFis4XRctkWYgpbW3xacDtinXiZiLmO1zavZErS=w114-h86-k-no | https://lh3.googleusercontent.com/gps-cs-s/AHVAweoPNcJ6fV_YPuZR7iVNKxrsZaW9YPYqCHaMrDk8cLp3RWF3rjD4Blb77B8B0VQ1LvqLbV-_AzioQc_clP0fCOTBJGXGoedQhsx7-nEHuqLiNfn0rsuSF6fYCqoXhnUAPHKxfQleIg=w86-h114-k-no,http://www.cafenation.com/,"menu ; beverages ; More ; monday - friday  7am-3pm ; saturday  8am-3pm ; 380 washington st, ; brighton ma 02135 ; ordering is ; currently ; available ; in person, ; online, ; or by phone ; property of pillar brighton llc ; est 2020"
In House Cafe,BOS-AL-106,42.3505283,-71.2016797,"132 Chestnut Hill Ave, Brighton, MA 02135, United States",2135,https://lh3.googleusercontent.com/gps-cs-s/AHVAwerBYU3fm64BhdHCnLoZ9EHIdqWX4XV1dvOdhVRiqHvn30qQ5QIHYTqx1VIr1xlurBneCWB5His4wdE8mKLeISX6I80LG7cs0K-QGpeX6fonbERcEeJkTU7cayPzItUU5NWiAy6c=w32-h32-p-k-no | https://lh3.googleusercontent.com/gps-cs-s/AHVAweoczdo_lIT-DwHhwYcZSvVvs8U_W5RsfD2Uubr3HRmtRlGAaqRAfTdF222Shud9Q3wT6RDRp3C5s_ymDeUMW-DpdEJmD-UBHASjaIzO2_n272GVtxUDBfUUKzd2Q_WSUnNZ6NzQ=w32-h32-p-k-no | https://lh3.googleusercontent.com/gps-cs-s/AHVAwepQIt8yLPKUmMSPJG8dWY5VsuDw2xSz3ELMH5sBuGmCf97x7S6iobjYhBX3UH44nIhccjW6OXimDFG5VETeKTO4PjarPHlyFD0UXdP0XekKZ6xephujkFaer1R3U-27PqJpxKduBA=w114-h86-k-no | https://lh3.googleusercontent.com/gps-cs-s/AHVAwerqOTJDigTy-BtLv1IV_QfJ8rp9E245Q7ahlW1EE9-Xu4TZj1EE0v4jovJHm9jgm6WFttILjwTqPn8P-At6ohcvCtaC1fsthsFis4XRctkWYgpbW3xacDtinXiZiLmO1zavZErS=w114-h86-k-no | https://lh3.googleusercontent.com/gps-cs-s/AHVAweoPNcJ6fV_YPuZR7iVNKxrsZaW9YPYqCHaMrDk8cLp3RWF3rjD4Blb77B8B0VQ1LvqLbV-_AzioQc_clP0fCOTBJGXGoedQhsx7-nEHuqLiNfn0rsuSF6fYCqoXhnUAPHKxfQleIg=w86-h114-k-no,http://inhousecafe.com/,"MENU ; DRINKS ; SPECIALS ; EVENTS ; ORDER ; RESERVE ; PARTIES ; JOBS ; BREAKFAST MENU ; LUNCH MENU ; FREESTYLE OF EGG ; In - House Sirloin  Eggs ; Sweet Royal ; The Hungry Traveller ; Greek Style ; The Irish Way ; Green Eggs All The Way Aleppo Style ; Biscuits  Hollandaise Combo ; Shakshuka ; OMELETTE ; In - House Traditional Omelette ; Chicken Fajita Omelette ; Western Omelette ; Green pepper, onion, turkey ham, and American cheese. ; Meat Lovers Delight Omelette ; Turkey Sausage, turkey bacon, turkey ham, and cheese. ; Soprano Omelette ; Simply Cheese Omelette ; With American, cheddar, and mozzarella cheese. ; Mexican Omelette ; Smoked Salmon Omelette ; Mediterranean Omelette ; Broccoli Omelette ; Mushroom Omelette ; Sauted mushroom, salt  pepper, and American cheese. ; Florentine Omelette ; Fresh-steamed spinach, tomato, and Hollandaise sauce. ; Veggie Omelette ; Sauted onion, pepper, mushroom, spinach, and tomato. ; White House Omelette ; Egg white omlette with sauted mushrooms and onion. ; Veggie Breakfast Burrito Omelette ; GOURMET SAVORY CREPE ; The Country Crepe ; Steak  Cheese Crepe ; Smoked Salmon Crepe ; Mediterranean Crepe ; Mushroom Crepe ; Avocado Crepe ; SWEET CREPE"
Tatte Bakery & Cafe | Harvard Square,BOS-AL-107,42.3726069,-71.1530145,"1288 Massachusetts Ave, Cambridge, MA 02138, United States",2138,https://lh3.googleusercontent.com/gps-cs-s/AHVAweo5EYtuo-O_jt34DCQAnySjVReiX1C15EuQ_7aZ9qyYtLiBz5tMUMPRHAG0PPMH3jGM4WP3wXWVXaTkNny8emSTa8N0UeyVy5MJboqcgIPlvQ91dq4hZ12zsb6pIjgTSfWnlhdiiQ=w32-h32-p-k-no | https://lh3.googleusercontent.com/gps-cs-s/AHVAwerBYU3fm64BhdHCnLoZ9EHIdqWX4XV1dvOdhVRiqHvn30qQ5QIHYTqx1VIr1xlurBneCWB5His4wdE8mKLeISX6I80LG7cs0K-QGpeX6fonbERcEeJkTU7cayPzItUU5NWiAy6c=w32-h32-p-k-no | https://lh3.googleusercontent.com/gps-cs-s/AHVAwepQIt8yLPKUmMSPJG8dWY5VsuDw2xSz3ELMH5sBuGmCf97x7S6iobjYhBX3UH44nIhccjW6OXimDFG5VETeKTO4PjarPHlyFD0UXdP0XekKZ6xephujkFaer1R3U-27PqJpxKduBA=w114-h86-k-no | https://lh3.googleusercontent.com/gps-cs-s/AHVAwerqOTJDigTy-BtLv1IV_QfJ8rp9E245Q7ahlW1EE9-Xu4TZj1EE0v4jovJHm9jgm6WFttILjwTqPn8P-At6ohcvCtaC1fsthsFis4XRctkWYgpbW3xacDtinXiZiLmO1zavZErS=w114-h86-k-no | https://lh3.googleusercontent.com/gps-cs-s/AHVAweoPNcJ6fV_YPuZR7iVNKxrsZaW9YPYqCHaMrDk8cLp3RWF3rjD4Blb77B8B0VQ1LvqLbV-_AzioQc_clP0fCOTBJGXGoedQhsx7-nEHuqLiNfn0rsuSF6fYCqoXhnUAPHKxfQleIg=w86-h114-k-no,https://tattebakery.com/,"ORDER ; FULL MENU ; KITCHEN ; BAKERY ; DRINKS ; Roasted Salmon  Spring Vegetable Rice Bowl ; Maple, Squash  Chicken Salad ; Potato, Mushroom,  Bacon Shakshuka ; Warm Oatmeal  Fruit ; Chocolate Covered Matzo Bark ; Matzo covered in Valrhona dark chocolate. Contains Wheat ; Iced Black Sesame Latte - 16 oz ; Black Sesame Latte - 12 oz ; Easter Egg Cookie Bag 4 CT ; Orange Upside Down Cake Slice ; Coconut Macaroons 6 CT ; Strawberry Turnover ; Lemon Raspberry Pavlova IND ; Honey Carrot Cake Slice ; Petit Cloud Assortment GF ; Monkey Bread ; Royal Icing Egg Cookie ; Coconut Macaroons IND ; Breakfast Sandwich ; Croissant Breakfast Sandwich ; House Breakfast Plate ; Smoked Salmon, Avocado,  Egg Sandwich ; Halloumi  Sunny-Side Breakfast Sandwich ; Sausage Breakfast Sandwich ; Tomato  Goat Cheese Scrambled Egg Plate ; Prosciutto  Parmesan Scrambled Egg Plate ; Muesli ; Ham  Cheddar Quiche  Salad ; Leek, Potato  Spinach Quiche  Salad ; Lamb Hash ; Egg in the Hole with Ham  Cheese ; Egg in the Hole ; Croque Madame ; Croque Monsieur ; Toast ; Toasted housemade bread served with butter. ; Bread  Butter ; Chicken Pita ; Turkey BLAT ; Turkey Avocado Sandwich ; BLAT ; Chicken Salad Sandwich ; Fresh Mozzarella Sandwich ; Short Rib Grilled Cheese Sandwich ; Avocado Tartine"
Oba Bakery & Cafe,BOS-AL-108,42.3520807,-71.1619237,"16 Brighton Ave, Boston, MA 02134, United States",2134,https://lh3.googleusercontent.com/gps-cs-s/AHVAweq8r40pfNdn3eK5trc4oBYhQuyISsZ3SPTku6i2Y8glWqUOHvBZjBUNrEk3DeLnSX7b_5qeTsyxZVPUBHzuhAYGRh53jfoqecRDr9JpEAVCtSB-C1F4m6i4N4G7ZjM1JAEUWdGFyg=w32-h32-p-k-no | https://lh3.googleusercontent.com/gps-cs-s/AHVAweo5EYtuo-O_jt34DCQAnySjVReiX1C15EuQ_7aZ9qyYtLiBz5tMUMPRHAG0PPMH3jGM4WP3wXWVXaTkNny8emSTa8N0UeyVy5MJboqcgIPlvQ91dq4hZ12zsb6pIjgTSfWnlhdiiQ=w32-h32-p-k-no | https://lh3.googleusercontent.com/gps-cs-s/AHVAwepQIt8yLPKUmMSPJG8dWY5VsuDw2xSz3ELMH5sBuGmCf97x7S6iobjYhBX3UH44nIhccjW6OXimDFG5VETeKTO4PjarPHlyFD0UXdP0XekKZ6xephujkFaer1R3U-27PqJpxKduBA=w114-h86-k-no | https://lh3.googleusercontent.com/gps-cs-s/AHVAwerqOTJDigTy-BtLv1IV_QfJ8rp9E245Q7ahlW1EE9-Xu4TZj1EE0v4jovJHm9jgm6WFttILjwTqPn8P-At6ohcvCtaC1fsthsFis4XRctkWYgpbW3xacDtinXiZiLmO1zavZErS=w114-h86-k-no | https://lh3.googleusercontent.com/gps-cs-s/AHVAweoPNcJ6fV_YPuZR7iVNKxrsZaW9YPYqCHaMrDk8cLp3RWF3rjD4Blb77B8B0VQ1LvqLbV-_AzioQc_clP0fCOTBJGXGoedQhsx7-nEHuqLiNfn0rsuSF6fYCqoXhnUAPHKxfQleIg=w86-h114-k-no,http://www.obabakerycafe.com/,"16 BRIGHTON AVE, BOSTON, MA, 02135, US ; Open
800 AM - 1000 PM EDT ; Menu


Baklava
Combos
Bagel
Sandwich
Dessert
More ; Order ahead and earn rewards on the Clover app ; United States English"
Tatte Bakery & Cafe | Coolidge Corner,BOS-AL-109,42.3520807,-71.1619237,"420 Harvard St, Brookline, MA 02446, United States",2446,https://lh3.googleusercontent.com/gps-cs-s/AHVAweowKziY_D9SVrLVj8Gw8TcS_Q6EmyHq2Em997EWLEHFFe9A7J2834_R4PgAMM_ORb7sPGaV4Ngpy8bQ9H1CTQeDdAtwZE1aohN0JM0Oi1ooqTYKrK3Rj3P28gdiEzg7cILsc0pam0UAM6PR=w32-h32-p-k-no | https://lh3.googleusercontent.com/gps-cs-s/AHVAweq8r40pfNdn3eK5trc4oBYhQuyISsZ3SPTku6i2Y8glWqUOHvBZjBUNrEk3DeLnSX7b_5qeTsyxZVPUBHzuhAYGRh53jfoqecRDr9JpEAVCtSB-C1F4m6i4N4G7ZjM1JAEUWdGFyg=w32-h32-p-k-no | https://lh3.googleusercontent.com/gps-cs-s/AHVAwepQIt8yLPKUmMSPJG8dWY5VsuDw2xSz3ELMH5sBuGmCf97x7S6iobjYhBX3UH44nIhccjW6OXimDFG5VETeKTO4PjarPHlyFD0UXdP0XekKZ6xephujkFaer1R3U-27PqJpxKduBA=w114-h86-k-no | https://lh3.googleusercontent.com/gps-cs-s/AHVAwerqOTJDigTy-BtLv1IV_QfJ8rp9E245Q7ahlW1EE9-Xu4TZj1EE0v4jovJHm9jgm6WFttILjwTqPn8P-At6ohcvCtaC1fsthsFis4XRctkWYgpbW3xacDtinXiZiLmO1zavZErS=w114-h86-k-no | https://lh3.googleusercontent.com/gps-cs-s/AHVAweoPNcJ6fV_YPuZR7iVNKxrsZaW9YPYqCHaMrDk8cLp3RWF3rjD4Blb77B8B0VQ1LvqLbV-_AzioQc_clP0fCOTBJGXGoedQhsx7-nEHuqLiNfn0rsuSF6fYCqoXhnUAPHKxfQleIg=w86-h114-k-no,https://tattebakery.com/,"ORDER ; FULL MENU ; KITCHEN ; BAKERY ; DRINKS ; Roasted Salmon  Spring Vegetable Rice Bowl ; Maple, Squash  Chicken Salad ; Potato, Mushroom,  Bacon Shakshuka ; Warm Oatmeal  Fruit ; Chocolate Covered Matzo Bark ; Matzo covered in Valrhona dark chocolate. Contains Wheat ; Iced Black Sesame Latte - 16 oz ; Black Sesame Latte - 12 oz ; Easter Egg Cookie Bag 4 CT ; Orange Upside Down Cake Slice ; Coconut Macaroons 6 CT ; Strawberry Turnover ; Lemon Raspberry Pavlova IND ; Honey Carrot Cake Slice ; Petit Cloud Assortment GF ; Monkey Bread ; Royal Icing Egg Cookie ; Coconut Macaroons IND ; Breakfast Sandwich ; Croissant Breakfast Sandwich ; House Breakfast Plate ; Smoked Salmon, Avocado,  Egg Sandwich ; Halloumi  Sunny-Side Breakfast Sandwich ; Sausage Breakfast Sandwich ; Tomato  Goat Cheese Scrambled Egg Plate ; Prosciutto  Parmesan Scrambled Egg Plate ; Muesli ; Ham  Cheddar Quiche  Salad ; Leek, Potato  Spinach Quiche  Salad ; Lamb Hash ; Egg in the Hole with Ham  Cheese ; Egg in the Hole ; Croque Madame ; Croque Monsieur ; Toast ; Toasted housemade bread served with butter. ; Bread  Butter ; Chicken Pita ; Turkey BLAT ; Turkey Avocado Sandwich ; BLAT ; Chicken Salad Sandwich ; Fresh Mozzarella Sandwich ; Short Rib Grilled Cheese Sandwich ; Avocado Tartine"
Clear Flour Coffee Bar,BOS-AL-110,42.3520807,-71.1619237,"180 Thorndike St, Brookline, MA 02446, United States",2446,https://lh3.googleusercontent.com/gps-cs-s/AHVAweo6LSY8SpeTV33VYfB3qPPeAK2QNqYA9wyunx4qITIn3VMOIHDV_qXdR3uahafJeIxun5sSVZ2kHCIAB2jUL3zJi4sagsnpQ1K0_jjNltMuwHET7LtBYMKWXkNHgBle_GlkuyPFxg=w32-h32-p-k-no | https://lh3.googleusercontent.com/gps-cs-s/AHVAweowKziY_D9SVrLVj8Gw8TcS_Q6EmyHq2Em997EWLEHFFe9A7J2834_R4PgAMM_ORb7sPGaV4Ngpy8bQ9H1CTQeDdAtwZE1aohN0JM0Oi1ooqTYKrK3Rj3P28gdiEzg7cILsc0pam0UAM6PR=w32-h32-p-k-no | https://lh3.googleusercontent.com/gps-cs-s/AHVAwepQIt8yLPKUmMSPJG8dWY5VsuDw2xSz3ELMH5sBuGmCf97x7S6iobjYhBX3UH44nIhccjW6OXimDFG5VETeKTO4PjarPHlyFD0UXdP0XekKZ6xephujkFaer1R3U-27PqJpxKduBA=w114-h86-k-no | https://lh3.googleusercontent.com/gps-cs-s/AHVAwerqOTJDigTy-BtLv1IV_QfJ8rp9E245Q7ahlW1EE9-Xu4TZj1EE0v4jovJHm9jgm6WFttILjwTqPn8P-At6ohcvCtaC1fsthsFis4XRctkWYgpbW3xacDtinXiZiLmO1zavZErS=w114-h86-k-no | https://lh3.googleusercontent.com/gps-cs-s/AHVAweoPNcJ6fV_YPuZR7iVNKxrsZaW9YPYqCHaMrDk8cLp3RWF3rjD4Blb77B8B0VQ1LvqLbV-_AzioQc_clP0fCOTBJGXGoedQhsx7-nEHuqLiNfn0rsuSF6fYCqoXhnUAPHKxfQleIg=w86-h114-k-no,https://clearflourbread.com/,"coffee bar ; breads ; pastries ; specials ; denotes items containing tree nuts ; OUR PRODUCTS ; breads
pastries
  specials
  pizza dough instructions ; pizza dough instructions ; MORE ; farmers markets ; world peace cookie donation ; QUESTIONS ; allergens ; storing our bread  pastries ; employment opportunities ; pizza night ; LOCATION ; 178 Thorndike Street
Brookline, MA 02446
  617 739-0060 ; 178 Thorndike Street ; Brookline, MA 02446 ; HOURS, bakery ; MondayFriday 8am6pm ; SaturdaySunday 9am6pm ; Sunday, 45 9am6pm ; HOURS, coffee bar ; MondaySunday 8am3pm
Sunday, 45 8am3pm ; MondaySunday 8am3pm ; Sunday, 45 8am3pm ; 2025 by Clear Flour Bread"
NY Bagel and Coffee Co,BOS-AL-111,42.3520807,-71.1619237,"111 Brighton Ave, Boston, MA 02134, United States",2134,https://lh3.googleusercontent.com/gps-cs-s/AHVAwepgCwm64Wt6a5EJKJ7CHE3nTYA5QJvY3P8fqelyA4a8pFvSDOQt3DDVsTOpbal6LrS31tWE6vzz_Rbr3ilQDSVTchxYJ_4hhDJD8lfRGE6r5uVGBVlyLh8626sXcIjHgrflV-Wf=w32-h32-p-k-no | https://lh3.googleusercontent.com/gps-cs-s/AHVAweo6LSY8SpeTV33VYfB3qPPeAK2QNqYA9wyunx4qITIn3VMOIHDV_qXdR3uahafJeIxun5sSVZ2kHCIAB2jUL3zJi4sagsnpQ1K0_jjNltMuwHET7LtBYMKWXkNHgBle_GlkuyPFxg=w32-h32-p-k-no | https://lh3.googleusercontent.com/gps-cs-s/AHVAwepQIt8yLPKUmMSPJG8dWY5VsuDw2xSz3ELMH5sBuGmCf97x7S6iobjYhBX3UH44nIhccjW6OXimDFG5VETeKTO4PjarPHlyFD0UXdP0XekKZ6xephujkFaer1R3U-27PqJpxKduBA=w114-h86-k-no | https://lh3.googleusercontent.com/gps-cs-s/AHVAwerqOTJDigTy-BtLv1IV_QfJ8rp9E245Q7ahlW1EE9-Xu4TZj1EE0v4jovJHm9jgm6WFttILjwTqPn8P-At6ohcvCtaC1fsthsFis4XRctkWYgpbW3xacDtinXiZiLmO1zavZErS=w114-h86-k-no | https://lh3.googleusercontent.com/gps-cs-s/AHVAweoPNcJ6fV_YPuZR7iVNKxrsZaW9YPYqCHaMrDk8cLp3RWF3rjD4Blb77B8B0VQ1LvqLbV-_AzioQc_clP0fCOTBJGXGoedQhsx7-nEHuqLiNfn0rsuSF6fYCqoXhnUAPHKxfQleIg=w86-h114-k-no,https://nybagelandcoffeeco.com/,"111 Brighton Ave, Allston, Boston, MA 02134 ; Allston ; Gallery ; Reviews ; Coffee roasting at the cafe ; Get in touch ; Call us 1 617 870 7937
Email infonybagelandcoffeeco.com ; We are located at ; 111 Brighton Ave, Boston, MA 02134, USA ; Pickup Order ; Order from Doordash ; Order from Chownow ; Order from Uber Eats"
Cafe Mirror,BOS-AL-112,42.3489795,-71.1896324,"362 Washington St, Boston, MA 02135, United States",2135,https://lh3.googleusercontent.com/gps-cs-s/AHVAwepesu9FT_PZmzkfLOepFSk3vfY2tVluco1ZbJ2VAV6uI_UbwBOVr-lZ1atXhj3oWwmoxnie6EN9gog9hJB2BhQQ1iOIcKPTbLHXslA3R26M4MdkNQ8OyVeAUK7Dm-p6-0UaH02uaEZ9umWi=w32-h32-p-k-no | https://lh3.googleusercontent.com/gps-cs-s/AHVAwepgCwm64Wt6a5EJKJ7CHE3nTYA5QJvY3P8fqelyA4a8pFvSDOQt3DDVsTOpbal6LrS31tWE6vzz_Rbr3ilQDSVTchxYJ_4hhDJD8lfRGE6r5uVGBVlyLh8626sXcIjHgrflV-Wf=w32-h32-p-k-no | https://lh3.googleusercontent.com/gps-cs-s/AHVAwepQIt8yLPKUmMSPJG8dWY5VsuDw2xSz3ELMH5sBuGmCf97x7S6iobjYhBX3UH44nIhccjW6OXimDFG5VETeKTO4PjarPHlyFD0UXdP0XekKZ6xephujkFaer1R3U-27PqJpxKduBA=w114-h86-k-no | https://lh3.googleusercontent.com/gps-cs-s/AHVAwerqOTJDigTy-BtLv1IV_QfJ8rp9E245Q7ahlW1EE9-Xu4TZj1EE0v4jovJHm9jgm6WFttILjwTqPn8P-At6ohcvCtaC1fsthsFis4XRctkWYgpbW3xacDtinXiZiLmO1zavZErS=w114-h86-k-no | https://lh3.googleusercontent.com/gps-cs-s/AHVAweoPNcJ6fV_YPuZR7iVNKxrsZaW9YPYqCHaMrDk8cLp3RWF3rjD4Blb77B8B0VQ1LvqLbV-_AzioQc_clP0fCOTBJGXGoedQhsx7-nEHuqLiNfn0rsuSF6fYCqoXhnUAPHKxfQleIg=w86-h114-k-no,,Link Not Found
Andala Coffee House,BOS-AL-113,42.3647936,-71.1418459,"286 Franklin St, Cambridge, MA 02139, United States",2139,https://lh3.googleusercontent.com/gps-cs-s/AHVAwepayveL0zNPYyDL6CIxDuFvr45QVR14amvcC71ddsqCSkaNfTRm4SRE0v79nclyoYciXQTmPFY9LVVV1cbOgoW89K-E83UqWTG1w_jfDvXc2F9LEptz8oyLWSxD6nGKiHEF0wkN=w32-h32-p-k-no | https://lh3.googleusercontent.com/gps-cs-s/AHVAwepesu9FT_PZmzkfLOepFSk3vfY2tVluco1ZbJ2VAV6uI_UbwBOVr-lZ1atXhj3oWwmoxnie6EN9gog9hJB2BhQQ1iOIcKPTbLHXslA3R26M4MdkNQ8OyVeAUK7Dm-p6-0UaH02uaEZ9umWi=w32-h32-p-k-no | https://lh3.googleusercontent.com/gps-cs-s/AHVAwepQIt8yLPKUmMSPJG8dWY5VsuDw2xSz3ELMH5sBuGmCf97x7S6iobjYhBX3UH44nIhccjW6OXimDFG5VETeKTO4PjarPHlyFD0UXdP0XekKZ6xephujkFaer1R3U-27PqJpxKduBA=w114-h86-k-no | https://lh3.googleusercontent.com/gps-cs-s/AHVAwerqOTJDigTy-BtLv1IV_QfJ8rp9E245Q7ahlW1EE9-Xu4TZj1EE0v4jovJHm9jgm6WFttILjwTqPn8P-At6ohcvCtaC1fsthsFis4XRctkWYgpbW3xacDtinXiZiLmO1zavZErS=w114-h86-k-no | https://lh3.googleusercontent.com/gps-cs-s/AHVAweoPNcJ6fV_YPuZR7iVNKxrsZaW9YPYqCHaMrDk8cLp3RWF3rjD4Blb77B8B0VQ1LvqLbV-_AzioQc_clP0fCOTBJGXGoedQhsx7-nEHuqLiNfn0rsuSF6fYCqoXhnUAPHKxfQleIg=w86-h114-k-no,http://andalacoffee.com/,"Menu ; Gallery ; 286 Franklin St, Cambridge MA ; andalacoffeegmail.com ; Hours ; Monday - Friday 9am - 11pm ; Saturday - Sunday 8am- 11pm ; Kitchen closes at 9pm. ; 2021 by Andala Coffee House. ; Foole Plate ; Goat Cheese  Honey Plate ; Zeit U Zaatar  Labneh ; Spinach Pie Plate ; Two spinach pies served with a green salad. V. ; Combo Plate ; Tabouli salad, green salad, grape leaf, and hummus. VG. ; Jerusalem Hummus Plate Msabaha ; Hummus Ajami with Beef ; Hummus Ajami with Chicken ; Merguez Hummus ; Hummus Plate ; essentials ; Jerusalem Salad ; Andala House Salad ; Eggplant Mtabal Salad ; soup  salad ; Lentil Soup ; Served with lemon and Arabic bread. V. ; Fattoush Salad ; Tabouli Salad ; sandwiches ; Chicken Musakhan Sandwich ; Chicken Khalili Sandwich ; Musakhan with raw jalapenos and tahini sauce. ; Merguez Sandwich ; Chicken Shawarma Sandwich ; Avocado Press Sandwich ; Jerusalem Egg Sandwich ; Falafel Sandwich ; specials ; Kufta Besiniah ; Chicken Kabab ; Thyme Garlic Chicken ; Shrimp Maali ; Chicken Shawarma Plate ; Falafel Plate ; Shakshokeh ; Mujadara ; Couscous With Lam ; Rich, aromatic, and very delicious."
Dash Cafe,BOS-AL-114,42.3494768,-71.1857436,"5 Henshaw St, Brighton, MA 02135, United States",2135,https://lh3.googleusercontent.com/gps-cs-s/AHVAwepeeaztiwTD12xcBSqmixuHQCTxVZoWf0J8fj9d7ZqBfJs5a6P_Brq1u6EpLexR3WWXdCXESBrjVxMvk-8jgt_mC-NdyAKH7jJ4JETsYdH2EuY3LraTDvKm4SeWSMoMllMfw7GM=w32-h32-p-k-no | https://lh3.googleusercontent.com/gps-cs-s/AHVAwepayveL0zNPYyDL6CIxDuFvr45QVR14amvcC71ddsqCSkaNfTRm4SRE0v79nclyoYciXQTmPFY9LVVV1cbOgoW89K-E83UqWTG1w_jfDvXc2F9LEptz8oyLWSxD6nGKiHEF0wkN=w32-h32-p-k-no | https://lh3.googleusercontent.com/gps-cs-s/AHVAwepQIt8yLPKUmMSPJG8dWY5VsuDw2xSz3ELMH5sBuGmCf97x7S6iobjYhBX3UH44nIhccjW6OXimDFG5VETeKTO4PjarPHlyFD0UXdP0XekKZ6xephujkFaer1R3U-27PqJpxKduBA=w114-h86-k-no | https://lh3.googleusercontent.com/gps-cs-s/AHVAwerqOTJDigTy-BtLv1IV_QfJ8rp9E245Q7ahlW1EE9-Xu4TZj1EE0v4jovJHm9jgm6WFttILjwTqPn8P-At6ohcvCtaC1fsthsFis4XRctkWYgpbW3xacDtinXiZiLmO1zavZErS=w114-h86-k-no | https://lh3.googleusercontent.com/gps-cs-s/AHVAweoPNcJ6fV_YPuZR7iVNKxrsZaW9YPYqCHaMrDk8cLp3RWF3rjD4Blb77B8B0VQ1LvqLbV-_AzioQc_clP0fCOTBJGXGoedQhsx7-nEHuqLiNfn0rsuSF6fYCqoXhnUAPHKxfQleIg=w86-h114-k-no,http://www.dashcafe.net/,Menu ; Drinks ; Specials ; Soups ; BREAKFAST ; MAIN MENU ; Served all day. ; Breakfast ; Breakfast Torta ; Breakfast Tacos ; Breakfast Cubano ; Breakfast Burrito ; Egg Sandwich ; Lox of Love ; Toasted Bagel ; Specialty Breakfast Sandwiches ; The Lumberjack ; South of The Border ; Chikin n Waffles ; Asian Chikin n Waffles ; Breakfast Banh Mi ; Garden of Eden ; Your Dad ; Mexican Street Corn Avocado Toast ; Jalapeo Popper ; Breakfast Caprese
Starbucks Coffee Company,BOS-AL-115,42.3494768,-71.1857436,"305 Guest St, Allston, MA 02134, United States",2134,https://lh3.googleusercontent.com/gps-cs-s/AHVAwer7DGtR3LNMrXJGrJ9u19SR9xI2ldBlTT4oNK0unGEGEgGcME5sGI0q2tbUtGe-dj8Ex7mzuPpQRunbXVXmIA7QuIqmRZhHJXE2ls5GA3cGgaLhgSPa0ecDh1KTPXMxvgI60gMJ=w32-h32-p-k-no | https://lh3.googleusercontent.com/gps-cs-s/AHVAwepeeaztiwTD12xcBSqmixuHQCTxVZoWf0J8fj9d7ZqBfJs5a6P_Brq1u6EpLexR3WWXdCXESBrjVxMvk-8jgt_mC-NdyAKH7jJ4JETsYdH2EuY3LraTDvKm4SeWSMoMllMfw7GM=w32-h32-p-k-no | https://lh3.googleusercontent.com/gps-cs-s/AHVAwepQIt8yLPKUmMSPJG8dWY5VsuDw2xSz3ELMH5sBuGmCf97x7S6iobjYhBX3UH44nIhccjW6OXimDFG5VETeKTO4PjarPHlyFD0UXdP0XekKZ6xephujkFaer1R3U-27PqJpxKduBA=w114-h86-k-no | https://lh3.googleusercontent.com/gps-cs-s/AHVAwerqOTJDigTy-BtLv1IV_QfJ8rp9E245Q7ahlW1EE9-Xu4TZj1EE0v4jovJHm9jgm6WFttILjwTqPn8P-At6ohcvCtaC1fsthsFis4XRctkWYgpbW3xacDtinXiZiLmO1zavZErS=w114-h86-k-no | https://lh3.googleusercontent.com/gps-cs-s/AHVAweoPNcJ6fV_YPuZR7iVNKxrsZaW9YPYqCHaMrDk8cLp3RWF3rjD4Blb77B8B0VQ1LvqLbV-_AzioQc_clP0fCOTBJGXGoedQhsx7-nEHuqLiNfn0rsuSF6fYCqoXhnUAPHKxfQleIg=w86-h114-k-no,,Link Not Found
Cafe Lava and Bento,BOS-AL-116,42.3494768,-71.1857436,"298 Washington St, Brighton, MA 02135, United States",2135,https://lh3.googleusercontent.com/gps-cs-s/AHVAweq__RtLzKSlIuvfFy_vrxAti79omNVZcs5L5mxILJWrsl8_n_RnpxVaCyjlzvn4LsjCeELW4luLc-cZceV3o9CRhmq_pIj5UzHUXRzUqh5juXa3ZdvB1wa4stIlnchTx8GeFF-yghCSTUZh=w32-h32-p-k-no | https://lh3.googleusercontent.com/gps-cs-s/AHVAwer7DGtR3LNMrXJGrJ9u19SR9xI2ldBlTT4oNK0unGEGEgGcME5sGI0q2tbUtGe-dj8Ex7mzuPpQRunbXVXmIA7QuIqmRZhHJXE2ls5GA3cGgaLhgSPa0ecDh1KTPXMxvgI60gMJ=w32-h32-p-k-no | https://lh3.googleusercontent.com/gps-cs-s/AHVAwepQIt8yLPKUmMSPJG8dWY5VsuDw2xSz3ELMH5sBuGmCf97x7S6iobjYhBX3UH44nIhccjW6OXimDFG5VETeKTO4PjarPHlyFD0UXdP0XekKZ6xephujkFaer1R3U-27PqJpxKduBA=w114-h86-k-no | https://lh3.googleusercontent.com/gps-cs-s/AHVAwerqOTJDigTy-BtLv1IV_QfJ8rp9E245Q7ahlW1EE9-Xu4TZj1EE0v4jovJHm9jgm6WFttILjwTqPn8P-At6ohcvCtaC1fsthsFis4XRctkWYgpbW3xacDtinXiZiLmO1zavZErS=w114-h86-k-no | https://lh3.googleusercontent.com/gps-cs-s/AHVAweoPNcJ6fV_YPuZR7iVNKxrsZaW9YPYqCHaMrDk8cLp3RWF3rjD4Blb77B8B0VQ1LvqLbV-_AzioQc_clP0fCOTBJGXGoedQhsx7-nEHuqLiNfn0rsuSF6fYCqoXhnUAPHKxfQleIg=w86-h114-k-no,https://www.cafelavabento.com/,ORDER ONLINE ; SEE WHAT OUR GUESTS ARE SAYING ; -Inoska M. ; -Emma V ; -Katie H. ; Consuming Undercooked Egg to Make Mayo
Pavement Coffeehouse - BU,BOS-AL-117,42.3497931,-71.1432397,"736 Commonwealth Ave, Brookline, MA 02446, United States",2446,https://lh3.googleusercontent.com/gps-cs-s/AHVAwep8-WGUUzriTLXNm6Ev3PtDHHbqIkzxd4GOcV4sdRJ90xq0HNb4HVqQs7owVkndkDRuvqUUbFaeEYnAznn3QOriBiHZykMVwX49EDNSddW_ixwkPrNOIOch9rVSunsYDHQQqPTg=w32-h32-p-k-no | https://lh3.googleusercontent.com/gps-cs-s/AHVAweq__RtLzKSlIuvfFy_vrxAti79omNVZcs5L5mxILJWrsl8_n_RnpxVaCyjlzvn4LsjCeELW4luLc-cZceV3o9CRhmq_pIj5UzHUXRzUqh5juXa3ZdvB1wa4stIlnchTx8GeFF-yghCSTUZh=w32-h32-p-k-no | https://lh3.googleusercontent.com/gps-cs-s/AHVAwepQIt8yLPKUmMSPJG8dWY5VsuDw2xSz3ELMH5sBuGmCf97x7S6iobjYhBX3UH44nIhccjW6OXimDFG5VETeKTO4PjarPHlyFD0UXdP0XekKZ6xephujkFaer1R3U-27PqJpxKduBA=w114-h86-k-no | https://lh3.googleusercontent.com/gps-cs-s/AHVAwerqOTJDigTy-BtLv1IV_QfJ8rp9E245Q7ahlW1EE9-Xu4TZj1EE0v4jovJHm9jgm6WFttILjwTqPn8P-At6ohcvCtaC1fsthsFis4XRctkWYgpbW3xacDtinXiZiLmO1zavZErS=w114-h86-k-no | https://lh3.googleusercontent.com/gps-cs-s/AHVAweoPNcJ6fV_YPuZR7iVNKxrsZaW9YPYqCHaMrDk8cLp3RWF3rjD4Blb77B8B0VQ1LvqLbV-_AzioQc_clP0fCOTBJGXGoedQhsx7-nEHuqLiNfn0rsuSF6fYCqoXhnUAPHKxfQleIg=w86-h114-k-no,http://pavementcoffeehouse.com/,"ORDER AHEAD ; Spring has sprung ; Explore our menu items ; FIND A LOCATION ; ORDER
AHEAD ; FREE SHIPPING ALWAYS ; GET STARTED ; Customers are saying ; Underwhelming taste
Deepak
Rathskeller House Blend ; Underwhelming taste ; Rathskeller House Blend ; JOIN THE PAVEMENT TEAM ; GROW WITH US ; Dont worry, we keep it pretty casual. ; OUR STORY ; JOBS"
swissbakers,BOS-AL-118,42.3631904,-71.1645166,"168 Western Ave, Boston, MA 02134, United States",2134,https://lh3.googleusercontent.com/gps-cs-s/AHVAweq1TQts54uLPhG8d6QjGpzmlVndyhXnbqQoaZst55EWKUqHytGrWADvfhM3fuK49skrdw2qQBHWVpFUXaMAp4tjQXLR03JoLiQqCBaJivn9fZr8lQWgTWUymGnUNFg_7GTljQrz=w32-h32-p-k-no | https://lh3.googleusercontent.com/gps-cs-s/AHVAwep8-WGUUzriTLXNm6Ev3PtDHHbqIkzxd4GOcV4sdRJ90xq0HNb4HVqQs7owVkndkDRuvqUUbFaeEYnAznn3QOriBiHZykMVwX49EDNSddW_ixwkPrNOIOch9rVSunsYDHQQqPTg=w32-h32-p-k-no | https://lh3.googleusercontent.com/gps-cs-s/AHVAwepQIt8yLPKUmMSPJG8dWY5VsuDw2xSz3ELMH5sBuGmCf97x7S6iobjYhBX3UH44nIhccjW6OXimDFG5VETeKTO4PjarPHlyFD0UXdP0XekKZ6xephujkFaer1R3U-27PqJpxKduBA=w114-h86-k-no | https://lh3.googleusercontent.com/gps-cs-s/AHVAwerqOTJDigTy-BtLv1IV_QfJ8rp9E245Q7ahlW1EE9-Xu4TZj1EE0v4jovJHm9jgm6WFttILjwTqPn8P-At6ohcvCtaC1fsthsFis4XRctkWYgpbW3xacDtinXiZiLmO1zavZErS=w114-h86-k-no | https://lh3.googleusercontent.com/gps-cs-s/AHVAweoPNcJ6fV_YPuZR7iVNKxrsZaW9YPYqCHaMrDk8cLp3RWF3rjD4Blb77B8B0VQ1LvqLbV-_AzioQc_clP0fCOTBJGXGoedQhsx7-nEHuqLiNfn0rsuSF6fYCqoXhnUAPHKxfQleIg=w86-h114-k-no,http://www.swissbakers.com/,"menu ; our story ; careers ; 0 items ; This is where the dough is made ; Our Story ; The Different Things We Do ; Storefronts ; Fresh from the oven, straight to your inbox. ; No spam, just the good stuff."
Turkish Lazuri Cafe,BOS-AL-119,42.3631904,-71.1645166,"1 N Beacon St, Allston, MA 02134, United States",2134,https://lh3.googleusercontent.com/gps-cs-s/AHVAweo6hi-qww_SUeOa5vavVFXGLIfwhcIiQuLhdlJMoedekre1aAw2ks5g_WhINpSGzL9-sp_qUCkMkF95qR_KOKfoD-L5xPu_m7opIp-9NT9av2pjKyz-clrAK53-HUuPXbI16VA0=w32-h32-p-k-no | https://lh3.googleusercontent.com/gps-cs-s/AHVAweq1TQts54uLPhG8d6QjGpzmlVndyhXnbqQoaZst55EWKUqHytGrWADvfhM3fuK49skrdw2qQBHWVpFUXaMAp4tjQXLR03JoLiQqCBaJivn9fZr8lQWgTWUymGnUNFg_7GTljQrz=w32-h32-p-k-no | https://lh3.googleusercontent.com/gps-cs-s/AHVAwepQIt8yLPKUmMSPJG8dWY5VsuDw2xSz3ELMH5sBuGmCf97x7S6iobjYhBX3UH44nIhccjW6OXimDFG5VETeKTO4PjarPHlyFD0UXdP0XekKZ6xephujkFaer1R3U-27PqJpxKduBA=w114-h86-k-no | https://lh3.googleusercontent.com/gps-cs-s/AHVAwerqOTJDigTy-BtLv1IV_QfJ8rp9E245Q7ahlW1EE9-Xu4TZj1EE0v4jovJHm9jgm6WFttILjwTqPn8P-At6ohcvCtaC1fsthsFis4XRctkWYgpbW3xacDtinXiZiLmO1zavZErS=w114-h86-k-no | https://lh3.googleusercontent.com/gps-cs-s/AHVAweoPNcJ6fV_YPuZR7iVNKxrsZaW9YPYqCHaMrDk8cLp3RWF3rjD4Blb77B8B0VQ1LvqLbV-_AzioQc_clP0fCOTBJGXGoedQhsx7-nEHuqLiNfn0rsuSF6fYCqoXhnUAPHKxfQleIg=w86-h114-k-no,,Link Not Found
Tatte Bakery & Cafe | Beacon St,BOS-AL-120,42.3631904,-71.1645166,"1003 Beacon St, Brookline, MA 02446, United States",2446,https://lh3.googleusercontent.com/gps-cs-s/AHVAweoyYuqr5BZghBg3O-uqlgNlt1pSnFXwm_DqS4lgfkfwvNG54iQhoX75yd1pxxt2HVSBPgug-TYSF51OOV2_0TY4sRDfLabWHKjCg2eL5IVa2vw-hvagQHIHkg4tMyi4BLKQq_4=w32-h32-p-k-no | https://lh3.googleusercontent.com/gps-cs-s/AHVAweo6hi-qww_SUeOa5vavVFXGLIfwhcIiQuLhdlJMoedekre1aAw2ks5g_WhINpSGzL9-sp_qUCkMkF95qR_KOKfoD-L5xPu_m7opIp-9NT9av2pjKyz-clrAK53-HUuPXbI16VA0=w32-h32-p-k-no | https://lh3.googleusercontent.com/gps-cs-s/AHVAwepQIt8yLPKUmMSPJG8dWY5VsuDw2xSz3ELMH5sBuGmCf97x7S6iobjYhBX3UH44nIhccjW6OXimDFG5VETeKTO4PjarPHlyFD0UXdP0XekKZ6xephujkFaer1R3U-27PqJpxKduBA=w114-h86-k-no | https://lh3.googleusercontent.com/gps-cs-s/AHVAwerqOTJDigTy-BtLv1IV_QfJ8rp9E245Q7ahlW1EE9-Xu4TZj1EE0v4jovJHm9jgm6WFttILjwTqPn8P-At6ohcvCtaC1fsthsFis4XRctkWYgpbW3xacDtinXiZiLmO1zavZErS=w114-h86-k-no | https://lh3.googleusercontent.com/gps-cs-s/AHVAweoPNcJ6fV_YPuZR7iVNKxrsZaW9YPYqCHaMrDk8cLp3RWF3rjD4Blb77B8B0VQ1LvqLbV-_AzioQc_clP0fCOTBJGXGoedQhsx7-nEHuqLiNfn0rsuSF6fYCqoXhnUAPHKxfQleIg=w86-h114-k-no,https://tattebakery.com/,"ORDER ; FULL MENU ; KITCHEN ; BAKERY ; DRINKS ; Roasted Salmon  Spring Vegetable Rice Bowl ; Maple, Squash  Chicken Salad ; Potato, Mushroom,  Bacon Shakshuka ; Warm Oatmeal  Fruit ; Chocolate Covered Matzo Bark ; Matzo covered in Valrhona dark chocolate. Contains Wheat ; Iced Black Sesame Latte - 16 oz ; Black Sesame Latte - 12 oz ; Easter Egg Cookie Bag 4 CT ; Orange Upside Down Cake Slice ; Coconut Macaroons 6 CT ; Strawberry Turnover ; Lemon Raspberry Pavlova IND ; Honey Carrot Cake Slice ; Petit Cloud Assortment GF ; Monkey Bread ; Royal Icing Egg Cookie ; Coconut Macaroons IND ; Breakfast Sandwich ; Croissant Breakfast Sandwich ; House Breakfast Plate ; Smoked Salmon, Avocado,  Egg Sandwich ; Halloumi  Sunny-Side Breakfast Sandwich ; Sausage Breakfast Sandwich ; Tomato  Goat Cheese Scrambled Egg Plate ; Prosciutto  Parmesan Scrambled Egg Plate ; Muesli ; Ham  Cheddar Quiche  Salad ; Leek, Potato  Spinach Quiche  Salad ; Lamb Hash ; Egg in the Hole with Ham  Cheese ; Egg in the Hole ; Croque Madame ; Croque Monsieur ; Toast ; Toasted housemade bread served with butter. ; Bread  Butter ; Chicken Pita ; Turkey BLAT ; Turkey Avocado Sandwich ; BLAT ; Chicken Salad Sandwich ; Fresh Mozzarella Sandwich ; Short Rib Grilled Cheese Sandwich ; Avocado Tartine"
WFM Coffee Bar,BOS-AL-121,42.3427707,-71.1763515,"15 Washington St, Brighton, MA 02135, United States",2135,https://lh3.googleusercontent.com/gps-cs-s/AHVAweo8x3KFvHsz_NsIMDzk_TplxPNJzohDX50PWNX7uiWmPHcuNje2KbNg06DM0ALc3s3aK18Bpp26CIsG_Ryu4bi5DqVCHG8OKpPIcF9FgPTOsZPof0BA491e2EK-E58UFwE6hqvO2g=w32-h32-p-k-no | https://lh3.googleusercontent.com/gps-cs-s/AHVAweoyYuqr5BZghBg3O-uqlgNlt1pSnFXwm_DqS4lgfkfwvNG54iQhoX75yd1pxxt2HVSBPgug-TYSF51OOV2_0TY4sRDfLabWHKjCg2eL5IVa2vw-hvagQHIHkg4tMyi4BLKQq_4=w32-h32-p-k-no | https://lh3.googleusercontent.com/gps-cs-s/AHVAwepQIt8yLPKUmMSPJG8dWY5VsuDw2xSz3ELMH5sBuGmCf97x7S6iobjYhBX3UH44nIhccjW6OXimDFG5VETeKTO4PjarPHlyFD0UXdP0XekKZ6xephujkFaer1R3U-27PqJpxKduBA=w114-h86-k-no | https://lh3.googleusercontent.com/gps-cs-s/AHVAwerqOTJDigTy-BtLv1IV_QfJ8rp9E245Q7ahlW1EE9-Xu4TZj1EE0v4jovJHm9jgm6WFttILjwTqPn8P-At6ohcvCtaC1fsthsFis4XRctkWYgpbW3xacDtinXiZiLmO1zavZErS=w114-h86-k-no | https://lh3.googleusercontent.com/gps-cs-s/AHVAweoPNcJ6fV_YPuZR7iVNKxrsZaW9YPYqCHaMrDk8cLp3RWF3rjD4Blb77B8B0VQ1LvqLbV-_AzioQc_clP0fCOTBJGXGoedQhsx7-nEHuqLiNfn0rsuSF6fYCqoXhnUAPHKxfQleIg=w86-h114-k-no,http://www.wholefoodsmarket.com/stores/brighton?utm_source=google&utm_medium=organic&utm_campaign=listings,"Order Online
Recipes
Find a Store
Work With Us ; Order Online ; Recipes ; Find a Store ; Work With Us ; Were Growing ; We are opening 6 new stores across London by Mid June 2026. ; Cookie Banner"
Athan's Bakery & Cafe,BOS-AL-122,42.3427707,-71.1763515,"1621 Beacon St, Brookline, MA 02446, United States",2446,https://lh3.googleusercontent.com/gps-cs-s/AHVAwepHMEcmRLnB2JZxhNH1P1aMI_1Xv-qjzg1iRpjyijisUZZKKwK-3FrN-wD3eu5-MphLCfethRTGso5l__QYRyBLk20U8Hk4BSKrBdcGqXNFKVbLRk8kuX-uaDDAONdFmyGZocLY=w32-h32-p-k-no | https://lh3.googleusercontent.com/gps-cs-s/AHVAweo8x3KFvHsz_NsIMDzk_TplxPNJzohDX50PWNX7uiWmPHcuNje2KbNg06DM0ALc3s3aK18Bpp26CIsG_Ryu4bi5DqVCHG8OKpPIcF9FgPTOsZPof0BA491e2EK-E58UFwE6hqvO2g=w32-h32-p-k-no | https://lh3.googleusercontent.com/gps-cs-s/AHVAwepQIt8yLPKUmMSPJG8dWY5VsuDw2xSz3ELMH5sBuGmCf97x7S6iobjYhBX3UH44nIhccjW6OXimDFG5VETeKTO4PjarPHlyFD0UXdP0XekKZ6xephujkFaer1R3U-27PqJpxKduBA=w114-h86-k-no | https://lh3.googleusercontent.com/gps-cs-s/AHVAwerqOTJDigTy-BtLv1IV_QfJ8rp9E245Q7ahlW1EE9-Xu4TZj1EE0v4jovJHm9jgm6WFttILjwTqPn8P-At6ohcvCtaC1fsthsFis4XRctkWYgpbW3xacDtinXiZiLmO1zavZErS=w114-h86-k-no | https://lh3.googleusercontent.com/gps-cs-s/AHVAweoPNcJ6fV_YPuZR7iVNKxrsZaW9YPYqCHaMrDk8cLp3RWF3rjD4Blb77B8B0VQ1LvqLbV-_AzioQc_clP0fCOTBJGXGoedQhsx7-nEHuqLiNfn0rsuSF6fYCqoXhnUAPHKxfQleIg=w86-h114-k-no,http://www.athansbakery.com/,ATHANS EUROPEAN BAKERY ; Our Story ; Products ; Community ; Jobs ; Get in Touch ; 2025 Athans European Bakery
Model Cafe,BOS  -AL-123,42.3427707,-71.1763515,"7 N Beacon St, Boston, MA 02134, United States",2134,https://lh3.googleusercontent.com/gps-cs-s/AHVAweoFqlf5sTco0WCv6YTxjcCioUBhUUsHO922wdTEY2MgkpabKDQrrYAdyMJ8YCpYhB_r4JfVqSfUz0IKgFgx4MOdJYheSbs96TFH4RPYjzh_xawajWONZdk305yrmDvM8ZnlLFk=w32-h32-p-k-no | https://lh3.googleusercontent.com/gps-cs-s/AHVAwepHMEcmRLnB2JZxhNH1P1aMI_1Xv-qjzg1iRpjyijisUZZKKwK-3FrN-wD3eu5-MphLCfethRTGso5l__QYRyBLk20U8Hk4BSKrBdcGqXNFKVbLRk8kuX-uaDDAONdFmyGZocLY=w32-h32-p-k-no | https://lh3.googleusercontent.com/gps-cs-s/AHVAwepQIt8yLPKUmMSPJG8dWY5VsuDw2xSz3ELMH5sBuGmCf97x7S6iobjYhBX3UH44nIhccjW6OXimDFG5VETeKTO4PjarPHlyFD0UXdP0XekKZ6xephujkFaer1R3U-27PqJpxKduBA=w114-h86-k-no | https://lh3.googleusercontent.com/gps-cs-s/AHVAwerqOTJDigTy-BtLv1IV_QfJ8rp9E245Q7ahlW1EE9-Xu4TZj1EE0v4jovJHm9jgm6WFttILjwTqPn8P-At6ohcvCtaC1fsthsFis4XRctkWYgpbW3xacDtinXiZiLmO1zavZErS=w114-h86-k-no | https://lh3.googleusercontent.com/gps-cs-s/AHVAweoPNcJ6fV_YPuZR7iVNKxrsZaW9YPYqCHaMrDk8cLp3RWF3rjD4Blb77B8B0VQ1LvqLbV-_AzioQc_clP0fCOTBJGXGoedQhsx7-nEHuqLiNfn0rsuSF6fYCqoXhnUAPHKxfQleIg=w86-h114-k-no,,Link Not Found
"Greystone Cafe, Bakery, and Provisions",BOS-AL-124,42.3452743,-71.1107339,"123 Appleton St, Boston, MA 02116, United States",2116,https://lh3.googleusercontent.com/gps-cs-s/AHVAwerWhd-H_k5PVgiDK_b1pdCiyU4iXJMRepEwnQd9-tOYYT-WGkpa60fIQjOkIdosEG-mx7b8oaUUgu5F8EQEx9mlTTw0XMma7rkJ7E2nfNzTvjBa1mLDvfCj-axEgeMQCdRN9DeJ=w32-h32-p-k-no | https://lh3.googleusercontent.com/gps-cs-s/AHVAweoFqlf5sTco0WCv6YTxjcCioUBhUUsHO922wdTEY2MgkpabKDQrrYAdyMJ8YCpYhB_r4JfVqSfUz0IKgFgx4MOdJYheSbs96TFH4RPYjzh_xawajWONZdk305yrmDvM8ZnlLFk=w32-h32-p-k-no | https://lh3.googleusercontent.com/gps-cs-s/AHVAwepQIt8yLPKUmMSPJG8dWY5VsuDw2xSz3ELMH5sBuGmCf97x7S6iobjYhBX3UH44nIhccjW6OXimDFG5VETeKTO4PjarPHlyFD0UXdP0XekKZ6xephujkFaer1R3U-27PqJpxKduBA=w114-h86-k-no | https://lh3.googleusercontent.com/gps-cs-s/AHVAwerqOTJDigTy-BtLv1IV_QfJ8rp9E245Q7ahlW1EE9-Xu4TZj1EE0v4jovJHm9jgm6WFttILjwTqPn8P-At6ohcvCtaC1fsthsFis4XRctkWYgpbW3xacDtinXiZiLmO1zavZErS=w114-h86-k-no | https://lh3.googleusercontent.com/gps-cs-s/AHVAweoPNcJ6fV_YPuZR7iVNKxrsZaW9YPYqCHaMrDk8cLp3RWF3rjD4Blb77B8B0VQ1LvqLbV-_AzioQc_clP0fCOTBJGXGoedQhsx7-nEHuqLiNfn0rsuSF6fYCqoXhnUAPHKxfQleIg=w86-h114-k-no,http://www.greystonecafe.com/,MENU ; THINGS WE SHIP ; ORDER ONLINE ; OPEN JOBS ; menus
Coffee Turco,BOS-AL-125,42.3538857,-71.173185,"483 Cambridge St, Allston, MA 02134, United States",2134,https://lh3.googleusercontent.com/p/AF1QipNEHKH_-HXaUrBbCfZc8QwaYuko0sGjXGD2bLQS=w80-h92-p-k-no | https://lh3.googleusercontent.com/gps-cs-s/AHVAweoPNcJ6fV_YPuZR7iVNKxrsZaW9YPYqCHaMrDk8cLp3RWF3rjD4Blb77B8B0VQ1LvqLbV-_AzioQc_clP0fCOTBJGXGoedQhsx7-nEHuqLiNfn0rsuSF6fYCqoXhnUAPHKxfQleIg=w80-h106-k-no | https://lh3.googleusercontent.com/gps-cs-s/AHVAwerqOTJDigTy-BtLv1IV_QfJ8rp9E245Q7ahlW1EE9-Xu4TZj1EE0v4jovJHm9jgm6WFttILjwTqPn8P-At6ohcvCtaC1fsthsFis4XRctkWYgpbW3xacDtinXiZiLmO1zavZErS=w122-h92-k-no | https://lh3.googleusercontent.com/gps-cs-s/AHVAwepQvZ1JFKvUhixHDQqsxlvpUN_xp7WZgao3yYGnPBSBY00Y4Ee3ykmZM00QclPRjzSa-o6wiC_N_nxsa6nx1tzK6_y67U7X03gdvqp2egljB9R5XrIqphvi3o_5vAiYPQFM5LscrA=w80-h106-k-no | https://lh3.googleusercontent.com/gps-cs-s/AHVAweqsQpJkDcpilh-LHreBhVJvUi8xiTnloNpXHbKFIbDeStYikKrQPQpy0DU0mtTZXAyrqOBkQ1G_w44kXiygC19M8EOMm5S_HN4c0eE4k_YdPU9xgMWFIrq2Sc3aIqEXSS3NNlcM=w176-h92-k-no,,Link Not Found
@UNION,BOS-AL-126,42.3538857,-71.173185,"174 Harvard Ave, Boston, MA 02134, United States",2134,https://lh3.googleusercontent.com/gps-cs-s/AHVAwerqOTJDigTy-BtLv1IV_QfJ8rp9E245Q7ahlW1EE9-Xu4TZj1EE0v4jovJHm9jgm6WFttILjwTqPn8P-At6ohcvCtaC1fsthsFis4XRctkWYgpbW3xacDtinXiZiLmO1zavZErS=w32-h32-p-k-no | https://lh3.googleusercontent.com/p/AF1QipNEHKH_-HXaUrBbCfZc8QwaYuko0sGjXGD2bLQS=w80-h92-p-k-no | https://lh3.googleusercontent.com/gps-cs-s/AHVAweoPNcJ6fV_YPuZR7iVNKxrsZaW9YPYqCHaMrDk8cLp3RWF3rjD4Blb77B8B0VQ1LvqLbV-_AzioQc_clP0fCOTBJGXGoedQhsx7-nEHuqLiNfn0rsuSF6fYCqoXhnUAPHKxfQleIg=w80-h106-k-no | https://lh3.googleusercontent.com/gps-cs-s/AHVAwerqOTJDigTy-BtLv1IV_QfJ8rp9E245Q7ahlW1EE9-Xu4TZj1EE0v4jovJHm9jgm6WFttILjwTqPn8P-At6ohcvCtaC1fsthsFis4XRctkWYgpbW3xacDtinXiZiLmO1zavZErS=w122-h92-k-no | https://lh3.googleusercontent.com/gps-cs-s/AHVAwepQvZ1JFKvUhixHDQqsxlvpUN_xp7WZgao3yYGnPBSBY00Y4Ee3ykmZM00QclPRjzSa-o6wiC_N_nxsa6nx1tzK6_y67U7X03gdvqp2egljB9R5XrIqphvi3o_5vAiYPQFM5LscrA=w80-h106-k-no,,Link Not Found
Sultana's Bakery & Cafe,BOS-AL-127,42.3538857,-71.173185,"1585 Commonwealth Ave, Boston, MA 02135, United States",2135,https://lh3.googleusercontent.com/gps-cs-s/AHVAwepSFCmKGnUefD8BE_uVTNK905Yexb1xLpAonqX4ZcPlkMBja5hRglrDbE63O8G-Ej11vVjLTcL8CHSPmSi5lZKIgXH9rwg6IMOAAwdYVLrJRxn_xZWIimnyCt1k1Aj7VAnW12eZ=w32-h32-p-k-no | https://lh3.googleusercontent.com/gps-cs-s/AHVAwerqOTJDigTy-BtLv1IV_QfJ8rp9E245Q7ahlW1EE9-Xu4TZj1EE0v4jovJHm9jgm6WFttILjwTqPn8P-At6ohcvCtaC1fsthsFis4XRctkWYgpbW3xacDtinXiZiLmO1zavZErS=w32-h32-p-k-no | https://lh3.googleusercontent.com/p/AF1QipNEHKH_-HXaUrBbCfZc8QwaYuko0sGjXGD2bLQS=w80-h92-p-k-no | https://lh3.googleusercontent.com/gps-cs-s/AHVAweoPNcJ6fV_YPuZR7iVNKxrsZaW9YPYqCHaMrDk8cLp3RWF3rjD4Blb77B8B0VQ1LvqLbV-_AzioQc_clP0fCOTBJGXGoedQhsx7-nEHuqLiNfn0rsuSF6fYCqoXhnUAPHKxfQleIg=w80-h106-k-no | https://lh3.googleusercontent.com/gps-cs-s/AHVAwerqOTJDigTy-BtLv1IV_QfJ8rp9E245Q7ahlW1EE9-Xu4TZj1EE0v4jovJHm9jgm6WFttILjwTqPn8P-At6ohcvCtaC1fsthsFis4XRctkWYgpbW3xacDtinXiZiLmO1zavZErS=w122-h92-k-no,https://sultanascafe.com/,Complex Layout (Manual Check Needed)
Caffè Nero,BOS-AL-128,42.3538857,-71.173185,"1047 Commonwealth Ave, Boston, MA 02215, United States",2215,https://lh3.googleusercontent.com/gps-cs-s/AHVAweqhijC4DfOHWUDccz6XHZf9NIKJ_aXIfwMuvp4E4jytd_iZuIdLTxWKlesqAnotBKAOTH5XkldTxa6F0c98mFeiN_zuQ-FmhyIGwnroveYIZ3y9ftP5hpTmyX9KCcMS58VsCH3dYw=w32-h32-p-k-no | https://lh3.googleusercontent.com/gps-cs-s/AHVAwepSFCmKGnUefD8BE_uVTNK905Yexb1xLpAonqX4ZcPlkMBja5hRglrDbE63O8G-Ej11vVjLTcL8CHSPmSi5lZKIgXH9rwg6IMOAAwdYVLrJRxn_xZWIimnyCt1k1Aj7VAnW12eZ=w32-h32-p-k-no | https://lh3.googleusercontent.com/p/AF1QipNEHKH_-HXaUrBbCfZc8QwaYuko0sGjXGD2bLQS=w80-h92-p-k-no | https://lh3.googleusercontent.com/gps-cs-s/AHVAweoPNcJ6fV_YPuZR7iVNKxrsZaW9YPYqCHaMrDk8cLp3RWF3rjD4Blb77B8B0VQ1LvqLbV-_AzioQc_clP0fCOTBJGXGoedQhsx7-nEHuqLiNfn0rsuSF6fYCqoXhnUAPHKxfQleIg=w80-h106-k-no | https://lh3.googleusercontent.com/gps-cs-s/AHVAwerqOTJDigTy-BtLv1IV_QfJ8rp9E245Q7ahlW1EE9-Xu4TZj1EE0v4jovJHm9jgm6WFttILjwTqPn8P-At6ohcvCtaC1fsthsFis4XRctkWYgpbW3xacDtinXiZiLmO1zavZErS=w122-h92-k-no,https://caffenero.com/us/,MENU ; CAREERS ; JOURNAL ; SHAKEN ESPRESSO
Brighton Cafe,BOS-AL-129,42.3538857,-71.173185,"1597 Commonwealth Ave, Brighton, MA 02135, United States",2135,https://lh3.googleusercontent.com/gps-cs-s/AHVAweozHAItv_27F-y0S87OHOF7csRT6MViU0N0IDnVJIdwYHGbRZM8C8u-I2Yqj9Igmj9AY9kY07TV5NTCmiZw2TeCgKWx3iS5eaANiH1FNXc0SaaHT71_PTvJdNcJVo_q5YzeO_Co7w=w32-h32-p-k-no | https://lh3.googleusercontent.com/gps-cs-s/AHVAweqhijC4DfOHWUDccz6XHZf9NIKJ_aXIfwMuvp4E4jytd_iZuIdLTxWKlesqAnotBKAOTH5XkldTxa6F0c98mFeiN_zuQ-FmhyIGwnroveYIZ3y9ftP5hpTmyX9KCcMS58VsCH3dYw=w32-h32-p-k-no | https://lh3.googleusercontent.com/p/AF1QipNEHKH_-HXaUrBbCfZc8QwaYuko0sGjXGD2bLQS=w80-h92-p-k-no | https://lh3.googleusercontent.com/gps-cs-s/AHVAweoPNcJ6fV_YPuZR7iVNKxrsZaW9YPYqCHaMrDk8cLp3RWF3rjD4Blb77B8B0VQ1LvqLbV-_AzioQc_clP0fCOTBJGXGoedQhsx7-nEHuqLiNfn0rsuSF6fYCqoXhnUAPHKxfQleIg=w80-h106-k-no | https://lh3.googleusercontent.com/gps-cs-s/AHVAwerqOTJDigTy-BtLv1IV_QfJ8rp9E245Q7ahlW1EE9-Xu4TZj1EE0v4jovJHm9jgm6WFttILjwTqPn8P-At6ohcvCtaC1fsthsFis4XRctkWYgpbW3xacDtinXiZiLmO1zavZErS=w122-h92-k-no,http://brighton-cafe-brighton.lany.io/,brighton-cafe-brighton.edan.io ; Performing security verification
Solid Ground Cafe,BOS-AL-130,42.3336876,-71.1415089,"742 Huntington Ave, Boston, MA 02115, United States",2115,https://lh3.googleusercontent.com/gps-cs-s/AHVAwepiF5JHGSsSLOsVNvfjgMpL5iEJnKx0GawJfhQzAc--nCyXukXV4AcvF-ilwrszAZ65JphoQaQ-QRW8x9BGl67l0FPVmMh4cWPkUxusCGlpXa08b1draTSrw4LE316dwIX0jzDUgw=w32-h32-p-k-no | https://lh3.googleusercontent.com/gps-cs-s/AHVAweozHAItv_27F-y0S87OHOF7csRT6MViU0N0IDnVJIdwYHGbRZM8C8u-I2Yqj9Igmj9AY9kY07TV5NTCmiZw2TeCgKWx3iS5eaANiH1FNXc0SaaHT71_PTvJdNcJVo_q5YzeO_Co7w=w32-h32-p-k-no | https://lh3.googleusercontent.com/p/AF1QipNEHKH_-HXaUrBbCfZc8QwaYuko0sGjXGD2bLQS=w80-h92-p-k-no | https://lh3.googleusercontent.com/gps-cs-s/AHVAweoPNcJ6fV_YPuZR7iVNKxrsZaW9YPYqCHaMrDk8cLp3RWF3rjD4Blb77B8B0VQ1LvqLbV-_AzioQc_clP0fCOTBJGXGoedQhsx7-nEHuqLiNfn0rsuSF6fYCqoXhnUAPHKxfQleIg=w80-h106-k-no | https://lh3.googleusercontent.com/gps-cs-s/AHVAwerqOTJDigTy-BtLv1IV_QfJ8rp9E245Q7ahlW1EE9-Xu4TZj1EE0v4jovJHm9jgm6WFttILjwTqPn8P-At6ohcvCtaC1fsthsFis4XRctkWYgpbW3xacDtinXiZiLmO1zavZErS=w122-h92-k-no,http://solidgroundcafe.com/,"Find Us ; Please read allergen statement before placing your order ; Name ; First Name
required ; Last Name
required ; Phone
required ; Email
required ; Date of Event
required ; in Eastern Time ; 742 Huntington Ave
Boston, MA 02115 ; Mon - Fri 6am-3pm
Sat Sun 8am-3pm ; Solid Ground Cafe ; Join our team"
Cafe Landwer,BOS-AL-131,42.3352748,-71.186415,"383 Chestnut Hill Ave, Boston, MA 02135, United States",2135,https://lh3.googleusercontent.com/gps-cs-s/AHVAwep6OZFamkxckp10oM2Z6cIMuMI0whunT8b8gnzihjxEnPvEkPyWooV70d3qqMZ_KgTbS5CNVdl_e3o3r1M4H6pct3K_Z6C41J8vyv3S_122hxl9CtKbfQC-r9-Ft-9Ja8MaAS0=w32-h32-p-k-no | https://lh3.googleusercontent.com/gps-cs-s/AHVAwepiF5JHGSsSLOsVNvfjgMpL5iEJnKx0GawJfhQzAc--nCyXukXV4AcvF-ilwrszAZ65JphoQaQ-QRW8x9BGl67l0FPVmMh4cWPkUxusCGlpXa08b1draTSrw4LE316dwIX0jzDUgw=w32-h32-p-k-no | https://lh3.googleusercontent.com/p/AF1QipNEHKH_-HXaUrBbCfZc8QwaYuko0sGjXGD2bLQS=w80-h92-p-k-no | https://lh3.googleusercontent.com/gps-cs-s/AHVAweoPNcJ6fV_YPuZR7iVNKxrsZaW9YPYqCHaMrDk8cLp3RWF3rjD4Blb77B8B0VQ1LvqLbV-_AzioQc_clP0fCOTBJGXGoedQhsx7-nEHuqLiNfn0rsuSF6fYCqoXhnUAPHKxfQleIg=w80-h106-k-no | https://lh3.googleusercontent.com/gps-cs-s/AHVAwerqOTJDigTy-BtLv1IV_QfJ8rp9E245Q7ahlW1EE9-Xu4TZj1EE0v4jovJHm9jgm6WFttILjwTqPn8P-At6ohcvCtaC1fsthsFis4XRctkWYgpbW3xacDtinXiZiLmO1zavZErS=w122-h92-k-no,http://www.landwercafe.com/,MENU ; OUR STORY ; CULINARY GALLERY ; EVENTS ; FRANCHISE ; RESERVATIONS ; Please click on the button below to make a reservation. ; A STORY OF TRADITION  QUALITY ; START PLANNING YOUR EVENT ; REWARDS PROGRAM ; Earn points with every purchase ; Redeem points for free menu items of your choice ; Save time and skip the line ; Exclusive flash specials ; Stay up to date on new menu items ; FROM KITCHEN TO FEED ; ORDER ONLINE ; ANY QUESTIONS ; Send us a message and well be happy to help.
Cafe Brazil Bakery,BOS-AL-132,42.3523263,-71.1681086,"125 Harvard Ave, Allston, MA 02134, United States",2134,https://lh3.googleusercontent.com/gps-cs-s/AHVAweqF2QiaTgIo2bH1pY7o11G0TVqmdyYZQMsWShb-lTh0NWGSpcezGp8L_UHNC04DJdY8reE0JYgHHl0EeJILiRKLfDWnygDkkPGAbpQC4x3uomFul4Fj2eBLuVPdsg2tvpGDMLwn=w32-h32-p-k-no | https://lh3.googleusercontent.com/gps-cs-s/AHVAwep6OZFamkxckp10oM2Z6cIMuMI0whunT8b8gnzihjxEnPvEkPyWooV70d3qqMZ_KgTbS5CNVdl_e3o3r1M4H6pct3K_Z6C41J8vyv3S_122hxl9CtKbfQC-r9-Ft-9Ja8MaAS0=w32-h32-p-k-no | https://lh3.googleusercontent.com/p/AF1QipNEHKH_-HXaUrBbCfZc8QwaYuko0sGjXGD2bLQS=w80-h92-p-k-no | https://lh3.googleusercontent.com/gps-cs-s/AHVAweoPNcJ6fV_YPuZR7iVNKxrsZaW9YPYqCHaMrDk8cLp3RWF3rjD4Blb77B8B0VQ1LvqLbV-_AzioQc_clP0fCOTBJGXGoedQhsx7-nEHuqLiNfn0rsuSF6fYCqoXhnUAPHKxfQleIg=w80-h106-k-no | https://lh3.googleusercontent.com/gps-cs-s/AHVAwerqOTJDigTy-BtLv1IV_QfJ8rp9E245Q7ahlW1EE9-Xu4TZj1EE0v4jovJHm9jgm6WFttILjwTqPn8P-At6ohcvCtaC1fsthsFis4XRctkWYgpbW3xacDtinXiZiLmO1zavZErS=w122-h92-k-no,http://cafebrazilbakery.com/,HOURS  LOCATION ; MENU ; GALLERY ; CUSTOM CAKES ; ORDER ONLINE ; Ovos de Pascoa ; OVO CACAU SHOW CS SORTIDO 280 GR ; OVO CACAU SHOW DREAMS BRIGADEIRO 400 GR ; OVO CACAU SHOW LACREME BRANCO 348 GR ; OVO CACAU SHOW LANUT PACOCA 400 GR ; BRASIL CACAU OVO DE PASCOA PISTACHE 370 GR ; BRASIL CACAU OVO DINDA 195 GR ; BRASIL CACAU OVO RECHEADO GATO MIA BISCOITO 370 GR ; BRASIL CACAU OVO RECHEADO GATO MIA DUO 410 GR ; BRASIL CACAU OVO RECHEADO ZERO LACTOSE BEM ME FAZ 370 GR ; Pizza 12 ; CHICKEN WINGS 6 UN ; CHICKEN WINGS 8 UN ; CHICKEN WINGS 12 UN ; CHEESE PIZZA ; CHICKEN  CATUPIRY CHEESE PIZZA ; FOUR CHEESE PIZZA ; PEPPERONI PIZZA ; Burger ; PORCAO BATATA FRITA ; HAMBURGER ; X BACON ; X BURGER ; X EGG ; X CHICKEN W FRENCH FRIES ; X TUDO ; X CATUPIRY ; X FOMINHA ; X SALADA ; MAIONESE TEMPERADA ; Breakfast Sandwich ; ONLINE TEST ; MISTO COMPLETO ; MISTO QUENTE ; PAO COM MANTEIGA ; CHEESE OMELETE 3 EGGS ; MISTO QUENTE C MORTADELA ; Snacks ; BACALHAU CROCKET - 1 UN ; BOLINHO DE MANDIOCA CARNE ; CALZONE ; CALZONE CALABRESA ; COXINHA ; COXINHA C CATUPIRY ; EMPADA GRANDE
Flour Bakery + Cafe,BOS-AL-133,42.3730418,-71.1584565,"114 Mt Auburn St, Cambridge, MA 02138, United States",2138,https://lh3.googleusercontent.com/gps-cs-s/AHVAwerSiki8yyNF7vcqwP8jPx7sl3yXSYzat6Fq8S7fsJ08pJQOwRJj3rhU0VTC1KjuVWHzIwNYHmIgr0uiOw1bvLlwwwr3meHRc3MmcYNJscPtbN9W78G8ENT-uX37dMugWxFfcOfCcw=w122-h92-k-no | https://lh3.googleusercontent.com/gps-cs-s/AHVAweqhijC4DfOHWUDccz6XHZf9NIKJ_aXIfwMuvp4E4jytd_iZuIdLTxWKlesqAnotBKAOTH5XkldTxa6F0c98mFeiN_zuQ-FmhyIGwnroveYIZ3y9ftP5hpTmyX9KCcMS58VsCH3dYw=w122-h92-k-no | https://lh3.googleusercontent.com/gps-cs-s/AHVAwepwcynEfPZCC3UqinBe557l_AMOSuQtZIjQMbI4n8d5heLEQgd0US-MMjn3oPLzbQiNmXE4R86pZ5nGxdYdF6xcpflrMesekwBbzy-MZjGq4JbNEsZhO4RrD3zybN1qDu8QWfr2oW_n3YQD=w122-h92-k-no | https://lh3.googleusercontent.com/gps-cs-s/AHVAwer6fXcg7-juqfWvtgzLl3d7-Cjv4MPfhMC4FUY4RdhUgrk1Vm8aqG6176dWDimsMKIIRIXHKAxmLL401dtqXU4oRO_r-dhZOPJfKcU8IQceGD2-oDeZrjGHYeV2-8WpJwzvwIY5gw=w80-h106-k-no | https://lh3.googleusercontent.com/gps-cs-s/AHVAweoW8Ucg2hyAY-VF7MhvnNKOdDRmrgBubhgOkpPMZH7mlH4T6jWDtwbx_9vQMRRr04IsAZ2mYY3EMzW4JX3O15Dpo16j1uyZK3rsDNDDWY50Ar6ey6CUlJERwDiZwphi1Eb2VJ4b=w122-h92-k-no,http://www.flourbakery.com/,"menu ; bakeries ; careers ; cakes ; Make your celebratin party sweeter with cake
learn more ; learn more ; dinner  provisions club ; explore the club ; joannes latest 
book, pastry love ; share our tastes
come work with us. ; ALLERGENS GUIDE ; Designed by Proverb ; Get the Flour app"
Asaro Bakery and Cafe,BOS-AL-134,42.3730418,-71.1584565,"1629 Cambridge St, Cambridge, MA 02138, United States",2138,,http://asarocafe.com/,MENU ; ORDER ; Our Menu
Dolce Vita Cafe,BOS-AL-135,42.3412505,-71.1826521,"1698 Commonwealth Ave, Boston, MA 02135, United States",2135,https://lh3.googleusercontent.com/gps-cs-s/AHVAwersRHa39JNhkF51gImj4wcQYUulXZgJWN_y4O4NugRt514ZxSk_9HG-D5QVSy4LeYx9CufK0qQxEc8sJP8u0KhDxzr-NvxMeUgFx9Z33zNol96loxpzUMnvQfj_--oJaW9YCYo=w32-h32-p-k-no | https://lh3.googleusercontent.com/gps-cs-s/AHVAweojkygLyh4q5LYWocbe6lXqsIUQ0I7J69nkdZVhQzKYYYtpG4W7AZoDSu-TdaC8i4PMqtt4Ha6RhO6LxBpr2lcTVt-hj03-MHTr54Wx3y45n-UrB3P0yrhuCJSl2Z7SDGdBibQiXw=w32-h32-p-k-no | https://lh3.googleusercontent.com/gps-cs-s/AHVAwerSiki8yyNF7vcqwP8jPx7sl3yXSYzat6Fq8S7fsJ08pJQOwRJj3rhU0VTC1KjuVWHzIwNYHmIgr0uiOw1bvLlwwwr3meHRc3MmcYNJscPtbN9W78G8ENT-uX37dMugWxFfcOfCcw=w122-h92-k-no | https://lh3.googleusercontent.com/gps-cs-s/AHVAweqhijC4DfOHWUDccz6XHZf9NIKJ_aXIfwMuvp4E4jytd_iZuIdLTxWKlesqAnotBKAOTH5XkldTxa6F0c98mFeiN_zuQ-FmhyIGwnroveYIZ3y9ftP5hpTmyX9KCcMS58VsCH3dYw=w122-h92-k-no | https://lh3.googleusercontent.com/gps-cs-s/AHVAwepwcynEfPZCC3UqinBe557l_AMOSuQtZIjQMbI4n8d5heLEQgd0US-MMjn3oPLzbQiNmXE4R86pZ5nGxdYdF6xcpflrMesekwBbzy-MZjGq4JbNEsZhO4RrD3zybN1qDu8QWfr2oW_n3YQD=w122-h92-k-no,http://www.thedolcevitacafe.com/,"THE DOLCE VITA CAFE
Your Subtitle Here ; THE DOLCE VITA CAFE ; Your Subtitle Here ; Menu ; Gallery ; a neighborly and cozy cafe oasis ; View Menu ; Come for the coffee, stay for the free wifi ; Fresh food made here.

VIEW FOOD ; Fresh food made here. ; VIEW FOOD ; The Best Food this side of Boston ; Mark Messington  Boston, MA ; We would love to hear from you regarding any questions ; SEND ; infothedolcevitacafe.com  617-232-2380"
Sorelle Bakery & Cafe,BOS-AL-136,42.3533142,-71.0890489,"282 Congress St, Boston, MA 02210, United States",2210,https://lh3.googleusercontent.com/gps-cs-s/AHVAweqtDYYjRYZqHNlIlT2dcSDL5aQ0vqs0ghHsZ2Cx4B81QGdX6j7G1j-cAZGqrcsijAEH7IidneECJt-rkKWEYPUn5ALSB1J-YABntKjfaK4dbvmqbPkm7JKbSgmWGPn10yBKSfw7XA=w32-h32-p-k-no | https://lh3.googleusercontent.com/gps-cs-s/AHVAwersRHa39JNhkF51gImj4wcQYUulXZgJWN_y4O4NugRt514ZxSk_9HG-D5QVSy4LeYx9CufK0qQxEc8sJP8u0KhDxzr-NvxMeUgFx9Z33zNol96loxpzUMnvQfj_--oJaW9YCYo=w32-h32-p-k-no | https://lh3.googleusercontent.com/gps-cs-s/AHVAwerSiki8yyNF7vcqwP8jPx7sl3yXSYzat6Fq8S7fsJ08pJQOwRJj3rhU0VTC1KjuVWHzIwNYHmIgr0uiOw1bvLlwwwr3meHRc3MmcYNJscPtbN9W78G8ENT-uX37dMugWxFfcOfCcw=w122-h92-k-no | https://lh3.googleusercontent.com/gps-cs-s/AHVAweqhijC4DfOHWUDccz6XHZf9NIKJ_aXIfwMuvp4E4jytd_iZuIdLTxWKlesqAnotBKAOTH5XkldTxa6F0c98mFeiN_zuQ-FmhyIGwnroveYIZ3y9ftP5hpTmyX9KCcMS58VsCH3dYw=w122-h92-k-no | https://lh3.googleusercontent.com/gps-cs-s/AHVAwepwcynEfPZCC3UqinBe557l_AMOSuQtZIjQMbI4n8d5heLEQgd0US-MMjn3oPLzbQiNmXE4R86pZ5nGxdYdF6xcpflrMesekwBbzy-MZjGq4JbNEsZhO4RrD3zybN1qDu8QWfr2oW_n3YQD=w122-h92-k-no,https://www.sorellecafe.com/,"LOCATION ; CAREERS ; Atlantic Wharf
282 Congress Street 
Boston, MA 02210 ; Hours
Monday  Friday
7 am  4 pm ; Saturday and Sunday
8 am  4 pm"
