Name,Shop Code,Latitude,Longitude,Full Address,Zip Code,City,State,Images
The Berkeley Bistro + Bar,BOS-CHT-101,42.349171,-71.1085119,"350 Stuart St, Boston, MA 02116, United States",02116,Boston,MA,https://lh3.googleusercontent.com/gps-cs-s/AHVAwer7BVi_KWtTWgXi1q7h5Ay4xYNiFvG0j7VpMufFJ7fDbcUIDwFiAxqJj6tXbAbXlXhqQJne3muFVVwc0XM0x3r4_tndY7p_ozcfGd1-Fss5GdLOypPXCd9jWQNZq-Urq9t4eF_8=w114-h86-k-no | https://lh3.googleusercontent.com/gps-cs-s/AHVAweoBwtlQ155Opi7t3BEMQjh99K80h1sTBLa-1Fd6sWgMp4VDl-aEZVA0KseGClmP5J46ehigzrsl3iJ-KFYPvu83mWe0tcUu1LO_AQ9jvCVF2MGAuJT_lGIz4fd6YRCklPbDNOrJ=w152-h86-k-no | https://lh3.googleusercontent.com/gps-cs-s/AHVAweopaFf5wPCOb1_IaHNs19JbU9kTj08e8Y9toCDV84MD7wDoj1gHXPyuZTf8NPyiofChkbaPq0Vq2vfYdDw9g72dVfKO5D5Z3m1GPLx2I-ZFR8gMu_LLhGDc_6ROt9Xx77u1uGza=w86-h114-k-no | https://lh3.googleusercontent.com/gps-cs-s/AHVAweqQIFGYjA9vw0ekqr16LBp01ISw4jB7lmyFZ973GS6-tMWr8c05rikFtipGyIEzUnAuENwaxgwOQHNvZwwHBWFpW46R2ufIdaDhaeOSnJNeZfcTI83BlBDbbecaB2XPzlUYPdIpvg_Zjwc-=w114-h86-k-no | https://lh3.googleusercontent.com/gps-cs-s/AHVAwepBAYJLeFdlB4XaXLCNxybYZkxNx-ckzP--A2_YsDsr-MZ7ey5qFphWF0gNakv40uqob5YRQ5gJbd82WeCSmnjwJO6CTqYdnCWRql7t1eXbFHlNU0P0f7lTS78PWluHSC0qqWxmd_R_KLzk=w114-h86-k-no
Tatte Bakery & Cafe | Charlestown,BOS-CHT-102,42.3732618,-71.0975749,"40 Warren St, Boston, MA 02129, United States",02129,Boston,MA,https://lh3.googleusercontent.com/gps-cs-s/AHVAwer7BVi_KWtTWgXi1q7h5Ay4xYNiFvG0j7VpMufFJ7fDbcUIDwFiAxqJj6tXbAbXlXhqQJne3muFVVwc0XM0x3r4_tndY7p_ozcfGd1-Fss5GdLOypPXCd9jWQNZq-Urq9t4eF_8=w114-h86-k-no | https://lh3.googleusercontent.com/gps-cs-s/AHVAweoBwtlQ155Opi7t3BEMQjh99K80h1sTBLa-1Fd6sWgMp4VDl-aEZVA0KseGClmP5J46ehigzrsl3iJ-KFYPvu83mWe0tcUu1LO_AQ9jvCVF2MGAuJT_lGIz4fd6YRCklPbDNOrJ=w152-h86-k-no | https://lh3.googleusercontent.com/gps-cs-s/AHVAweopaFf5wPCOb1_IaHNs19JbU9kTj08e8Y9toCDV84MD7wDoj1gHXPyuZTf8NPyiofChkbaPq0Vq2vfYdDw9g72dVfKO5D5Z3m1GPLx2I-ZFR8gMu_LLhGDc_6ROt9Xx77u1uGza=w86-h114-k-no | https://lh3.googleusercontent.com/gps-cs-s/AHVAweqQIFGYjA9vw0ekqr16LBp01ISw4jB7lmyFZ973GS6-tMWr8c05rikFtipGyIEzUnAuENwaxgwOQHNvZwwHBWFpW46R2ufIdaDhaeOSnJNeZfcTI83BlBDbbecaB2XPzlUYPdIpvg_Zjwc-=w114-h86-k-no | https://lh3.googleusercontent.com/gps-cs-s/AHVAwepBAYJLeFdlB4XaXLCNxybYZkxNx-ckzP--A2_YsDsr-MZ7ey5qFphWF0gNakv40uqob5YRQ5gJbd82WeCSmnjwJO6CTqYdnCWRql7t1eXbFHlNU0P0f7lTS78PWluHSC0qqWxmd_R_KLzk=w114-h86-k-no
Tradesman Coffee Shop & Pizza Bar,BOS-CHT-103,42.3732618,-71.0975749,"50 Hood Park Dr, Boston, MA 02129, United States",02129,Boston,MA,https://lh3.googleusercontent.com/gps-cs-s/AHVAweoBwtlQ155Opi7t3BEMQjh99K80h1sTBLa-1Fd6sWgMp4VDl-aEZVA0KseGClmP5J46ehigzrsl3iJ-KFYPvu83mWe0tcUu1LO_AQ9jvCVF2MGAuJT_lGIz4fd6YRCklPbDNOrJ=w32-h32-p-k-no | https://lh3.googleusercontent.com/gps-cs-s/AHVAwer7BVi_KWtTWgXi1q7h5Ay4xYNiFvG0j7VpMufFJ7fDbcUIDwFiAxqJj6tXbAbXlXhqQJne3muFVVwc0XM0x3r4_tndY7p_ozcfGd1-Fss5GdLOypPXCd9jWQNZq-Urq9t4eF_8=w32-h32-p-k-no | https://lh3.googleusercontent.com/gps-cs-s/AHVAwer7BVi_KWtTWgXi1q7h5Ay4xYNiFvG0j7VpMufFJ7fDbcUIDwFiAxqJj6tXbAbXlXhqQJne3muFVVwc0XM0x3r4_tndY7p_ozcfGd1-Fss5GdLOypPXCd9jWQNZq-Urq9t4eF_8=w114-h86-k-no | https://lh3.googleusercontent.com/gps-cs-s/AHVAweoBwtlQ155Opi7t3BEMQjh99K80h1sTBLa-1Fd6sWgMp4VDl-aEZVA0KseGClmP5J46ehigzrsl3iJ-KFYPvu83mWe0tcUu1LO_AQ9jvCVF2MGAuJT_lGIz4fd6YRCklPbDNOrJ=w152-h86-k-no | https://lh3.googleusercontent.com/gps-cs-s/AHVAweopaFf5wPCOb1_IaHNs19JbU9kTj08e8Y9toCDV84MD7wDoj1gHXPyuZTf8NPyiofChkbaPq0Vq2vfYdDw9g72dVfKO5D5Z3m1GPLx2I-ZFR8gMu_LLhGDc_6ROt9Xx77u1uGza=w86-h114-k-no
Cmelatte Cafe,BOS-CHT-104,42.3732618,-71.0975749,"197 8th St, Boston, MA 02129, United States",02129,Boston,MA,https://lh3.googleusercontent.com/gps-cs-s/AHVAweopaFf5wPCOb1_IaHNs19JbU9kTj08e8Y9toCDV84MD7wDoj1gHXPyuZTf8NPyiofChkbaPq0Vq2vfYdDw9g72dVfKO5D5Z3m1GPLx2I-ZFR8gMu_LLhGDc_6ROt9Xx77u1uGza=w32-h32-p-k-no | https://lh3.googleusercontent.com/gps-cs-s/AHVAweoBwtlQ155Opi7t3BEMQjh99K80h1sTBLa-1Fd6sWgMp4VDl-aEZVA0KseGClmP5J46ehigzrsl3iJ-KFYPvu83mWe0tcUu1LO_AQ9jvCVF2MGAuJT_lGIz4fd6YRCklPbDNOrJ=w32-h32-p-k-no | https://lh3.googleusercontent.com/gps-cs-s/AHVAwer7BVi_KWtTWgXi1q7h5Ay4xYNiFvG0j7VpMufFJ7fDbcUIDwFiAxqJj6tXbAbXlXhqQJne3muFVVwc0XM0x3r4_tndY7p_ozcfGd1-Fss5GdLOypPXCd9jWQNZq-Urq9t4eF_8=w114-h86-k-no | https://lh3.googleusercontent.com/gps-cs-s/AHVAweoBwtlQ155Opi7t3BEMQjh99K80h1sTBLa-1Fd6sWgMp4VDl-aEZVA0KseGClmP5J46ehigzrsl3iJ-KFYPvu83mWe0tcUu1LO_AQ9jvCVF2MGAuJT_lGIz4fd6YRCklPbDNOrJ=w152-h86-k-no | https://lh3.googleusercontent.com/gps-cs-s/AHVAweopaFf5wPCOb1_IaHNs19JbU9kTj08e8Y9toCDV84MD7wDoj1gHXPyuZTf8NPyiofChkbaPq0Vq2vfYdDw9g72dVfKO5D5Z3m1GPLx2I-ZFR8gMu_LLhGDc_6ROt9Xx77u1uGza=w86-h114-k-no
Pixlcat Coffee & Butter Mochi,BOS-CHT-105,42.3732618,-71.0975749,"32 Cambridge St, Charlestown, MA 02129, United States",02129,Boston,MA,
emmi bakery & cafe,BOS-CHT-106,42.3732618,-71.0975749,"100 City Square, Boston, MA 02129, United States",02129,Boston,MA,
Anna's Cafe,BOS-CHT-107,42.3732618,-71.0975749,"275 Medford St, Charlestown, MA 02129, United States",02129,Boston,MA,
Constitution Cafe,BOS-CHT-108,42.3732618,-71.0975749,"300 1st Ave, Charlestown, MA 02129, United States",02129,Boston,MA,https://lh3.googleusercontent.com/gps-cs-s/AHVAweraFBNCVzmJtrr6JGwSe_rIb_SM4pgGed_JNg_V9CPhjhzyPjeYkJM7m1T_VgfZYLHoFMFGtLAI5i7GDCqhMtNydAxAtJr_Dh09SP6N1I40K8VhNO1l0S12Cg1v2s3gnCgcceVE=w32-h32-p-k-no | https://lh3.googleusercontent.com/gps-cs-s/AHVAwepBAYJLeFdlB4XaXLCNxybYZkxNx-ckzP--A2_YsDsr-MZ7ey5qFphWF0gNakv40uqob5YRQ5gJbd82WeCSmnjwJO6CTqYdnCWRql7t1eXbFHlNU0P0f7lTS78PWluHSC0qqWxmd_R_KLzk=w32-h32-p-k-no | https://lh3.googleusercontent.com/gps-cs-s/AHVAwer7BVi_KWtTWgXi1q7h5Ay4xYNiFvG0j7VpMufFJ7fDbcUIDwFiAxqJj6tXbAbXlXhqQJne3muFVVwc0XM0x3r4_tndY7p_ozcfGd1-Fss5GdLOypPXCd9jWQNZq-Urq9t4eF_8=w114-h86-k-no | https://lh3.googleusercontent.com/gps-cs-s/AHVAweoBwtlQ155Opi7t3BEMQjh99K80h1sTBLa-1Fd6sWgMp4VDl-aEZVA0KseGClmP5J46ehigzrsl3iJ-KFYPvu83mWe0tcUu1LO_AQ9jvCVF2MGAuJT_lGIz4fd6YRCklPbDNOrJ=w152-h86-k-no | https://lh3.googleusercontent.com/gps-cs-s/AHVAweopaFf5wPCOb1_IaHNs19JbU9kTj08e8Y9toCDV84MD7wDoj1gHXPyuZTf8NPyiofChkbaPq0Vq2vfYdDw9g72dVfKO5D5Z3m1GPLx2I-ZFR8gMu_LLhGDc_6ROt9Xx77u1uGza=w86-h114-k-no
Sunnyside All Day Brunch Cafe,BOS-CHT-109,42.3732618,-71.0975749,"100 Hood Park Dr, Boston, MA 02129, United States",02129,Boston,MA,https://lh3.googleusercontent.com/gps-cs-s/AHVAwepkX1PhgvafZ8mDA18t3EdhXuNqihj9hk-0LoZZ3iMgduTwk_1TK7udLXPPLVsBbPJX_RhT4IYaMlQqHZLnQjdSCqSUd-VPQuP1tG9Ro2GE1BsjyV00wrJtPh-to9Iw3B5yUfLr3x2NMUi0=w32-h32-p-k-no | https://lh3.googleusercontent.com/gps-cs-s/AHVAweraFBNCVzmJtrr6JGwSe_rIb_SM4pgGed_JNg_V9CPhjhzyPjeYkJM7m1T_VgfZYLHoFMFGtLAI5i7GDCqhMtNydAxAtJr_Dh09SP6N1I40K8VhNO1l0S12Cg1v2s3gnCgcceVE=w32-h32-p-k-no | https://lh3.googleusercontent.com/gps-cs-s/AHVAwer7BVi_KWtTWgXi1q7h5Ay4xYNiFvG0j7VpMufFJ7fDbcUIDwFiAxqJj6tXbAbXlXhqQJne3muFVVwc0XM0x3r4_tndY7p_ozcfGd1-Fss5GdLOypPXCd9jWQNZq-Urq9t4eF_8=w114-h86-k-no | https://lh3.googleusercontent.com/gps-cs-s/AHVAweoBwtlQ155Opi7t3BEMQjh99K80h1sTBLa-1Fd6sWgMp4VDl-aEZVA0KseGClmP5J46ehigzrsl3iJ-KFYPvu83mWe0tcUu1LO_AQ9jvCVF2MGAuJT_lGIz4fd6YRCklPbDNOrJ=w152-h86-k-no | https://lh3.googleusercontent.com/gps-cs-s/AHVAweopaFf5wPCOb1_IaHNs19JbU9kTj08e8Y9toCDV84MD7wDoj1gHXPyuZTf8NPyiofChkbaPq0Vq2vfYdDw9g72dVfKO5D5Z3m1GPLx2I-ZFR8gMu_LLhGDc_6ROt9Xx77u1uGza=w86-h114-k-no
La Saison Bakery,BOS-CHT-110,42.3732618,-71.0975749,"221 Main St, Charlestown, MA 02129, United States",02129,Boston,MA,
Starbucks,BOS-CHT-111,42.3732618,-71.0975749,"1 Thompson Square, Boston, MA 02129, United States",02129,Boston,MA,https://lh3.googleusercontent.com/gps-cs-s/AHVAwepaqG72WsKqf3d6X7unsG8-U_PfTnFJPwqqD4YwKGMTPw5q_VqXuv_VT2oZTR7t99wNBjJ79CwcoDHqxnt-IUBQ34a7PBc3gHUsewaitYFGzI2E4mk0oTFna0CAax1uf9kCigNuOKMOOaYD=w32-h32-p-k-no | https://lh3.googleusercontent.com/gps-cs-s/AHVAwerYG1hj5HhfUdlmdInyteYRh9oKYgH5JHfprPZomVkEr7hJH1bLwzxoO554amkfy_w_mELAjIqxm9b2HqRmF_LCxxUaVX2GPMMR8vQV3zG76HcwbN6NBm0gCfOqx-X91_YE7UUYRDKQJ06C=w32-h32-p-k-no | https://lh3.googleusercontent.com/gps-cs-s/AHVAwer7BVi_KWtTWgXi1q7h5Ay4xYNiFvG0j7VpMufFJ7fDbcUIDwFiAxqJj6tXbAbXlXhqQJne3muFVVwc0XM0x3r4_tndY7p_ozcfGd1-Fss5GdLOypPXCd9jWQNZq-Urq9t4eF_8=w114-h86-k-no | https://lh3.googleusercontent.com/gps-cs-s/AHVAweoBwtlQ155Opi7t3BEMQjh99K80h1sTBLa-1Fd6sWgMp4VDl-aEZVA0KseGClmP5J46ehigzrsl3iJ-KFYPvu83mWe0tcUu1LO_AQ9jvCVF2MGAuJT_lGIz4fd6YRCklPbDNOrJ=w152-h86-k-no | https://lh3.googleusercontent.com/gps-cs-s/AHVAweopaFf5wPCOb1_IaHNs19JbU9kTj08e8Y9toCDV84MD7wDoj1gHXPyuZTf8NPyiofChkbaPq0Vq2vfYdDw9g72dVfKO5D5Z3m1GPLx2I-ZFR8gMu_LLhGDc_6ROt9Xx77u1uGza=w86-h114-k-no
PHIN COFFEE HOUSE - Financial District,BOS-CHT-112,42.353538,-71.0926995,"10 High St, Boston, MA 02110, United States",02110,Boston,MA,https://lh3.googleusercontent.com/gps-cs-s/AHVAweodsnLNrCK4BG8xiSC7gSC2q_JL2yFOiIERIGWLIHKcZuRRTEGjEkbPhM1BxxNceatHMaBXQ_JleimFGYN0oPB8WbatAJ4SuWZfnhjC6S4BwT29Pus6RFlo7cPj6UrM-MMt3ekSuQ=w32-h32-p-k-no | https://lh3.googleusercontent.com/gps-cs-s/AHVAwepaqG72WsKqf3d6X7unsG8-U_PfTnFJPwqqD4YwKGMTPw5q_VqXuv_VT2oZTR7t99wNBjJ79CwcoDHqxnt-IUBQ34a7PBc3gHUsewaitYFGzI2E4mk0oTFna0CAax1uf9kCigNuOKMOOaYD=w32-h32-p-k-no | https://lh3.googleusercontent.com/gps-cs-s/AHVAwer7BVi_KWtTWgXi1q7h5Ay4xYNiFvG0j7VpMufFJ7fDbcUIDwFiAxqJj6tXbAbXlXhqQJne3muFVVwc0XM0x3r4_tndY7p_ozcfGd1-Fss5GdLOypPXCd9jWQNZq-Urq9t4eF_8=w114-h86-k-no | https://lh3.googleusercontent.com/gps-cs-s/AHVAweoBwtlQ155Opi7t3BEMQjh99K80h1sTBLa-1Fd6sWgMp4VDl-aEZVA0KseGClmP5J46ehigzrsl3iJ-KFYPvu83mWe0tcUu1LO_AQ9jvCVF2MGAuJT_lGIz4fd6YRCklPbDNOrJ=w152-h86-k-no | https://lh3.googleusercontent.com/gps-cs-s/AHVAweopaFf5wPCOb1_IaHNs19JbU9kTj08e8Y9toCDV84MD7wDoj1gHXPyuZTf8NPyiofChkbaPq0Vq2vfYdDw9g72dVfKO5D5Z3m1GPLx2I-ZFR8gMu_LLhGDc_6ROt9Xx77u1uGza=w86-h114-k-no
The Well Coffee House,BOS-CHT-113,42.353538,-71.0926995,"173 Border St, East Boston, MA 02128, United States",02128,Boston,MA,https://lh3.googleusercontent.com/gps-cs-s/AHVAwerDoZ5j6adg7wbRX6pTqFgdT1G0AaYx6Xrj7rg66W3K_gGxjdaJlXR6oYELAhW5DM6RGgGtddl79_JeH6q8aqDX6secMTPucvGGyjKpDAItjH9XiInGIWgUUd8koyJ-eaWLuz0P=w32-h32-p-k-no | https://lh3.googleusercontent.com/gps-cs-s/AHVAweodsnLNrCK4BG8xiSC7gSC2q_JL2yFOiIERIGWLIHKcZuRRTEGjEkbPhM1BxxNceatHMaBXQ_JleimFGYN0oPB8WbatAJ4SuWZfnhjC6S4BwT29Pus6RFlo7cPj6UrM-MMt3ekSuQ=w32-h32-p-k-no | https://lh3.googleusercontent.com/gps-cs-s/AHVAwer7BVi_KWtTWgXi1q7h5Ay4xYNiFvG0j7VpMufFJ7fDbcUIDwFiAxqJj6tXbAbXlXhqQJne3muFVVwc0XM0x3r4_tndY7p_ozcfGd1-Fss5GdLOypPXCd9jWQNZq-Urq9t4eF_8=w114-h86-k-no | https://lh3.googleusercontent.com/gps-cs-s/AHVAweoBwtlQ155Opi7t3BEMQjh99K80h1sTBLa-1Fd6sWgMp4VDl-aEZVA0KseGClmP5J46ehigzrsl3iJ-KFYPvu83mWe0tcUu1LO_AQ9jvCVF2MGAuJT_lGIz4fd6YRCklPbDNOrJ=w152-h86-k-no | https://lh3.googleusercontent.com/gps-cs-s/AHVAweopaFf5wPCOb1_IaHNs19JbU9kTj08e8Y9toCDV84MD7wDoj1gHXPyuZTf8NPyiofChkbaPq0Vq2vfYdDw9g72dVfKO5D5Z3m1GPLx2I-ZFR8gMu_LLhGDc_6ROt9Xx77u1uGza=w86-h114-k-no
Thinking Cup,BOS-CHT-114,42.3742508,-71.0760291,"236 Hanover St, Boston, MA 02113, United States",02113,Boston,MA,https://lh3.googleusercontent.com/gps-cs-s/AHVAweoeeFpI9nF8T4HBkR4wFeca1Nz9PzFKfAiMav6viExnGgNrkqsdbR9E2wqfr9-zS8XBKq_P43U5NDeBm-9zfTBWdB3Z8YND-OA4fKNwLTS6oBB3dR-afbPqFCfybyaQKvH_XTjw=w32-h32-p-k-no | https://lh3.googleusercontent.com/gps-cs-s/AHVAwerDoZ5j6adg7wbRX6pTqFgdT1G0AaYx6Xrj7rg66W3K_gGxjdaJlXR6oYELAhW5DM6RGgGtddl79_JeH6q8aqDX6secMTPucvGGyjKpDAItjH9XiInGIWgUUd8koyJ-eaWLuz0P=w32-h32-p-k-no | https://lh3.googleusercontent.com/gps-cs-s/AHVAwer7BVi_KWtTWgXi1q7h5Ay4xYNiFvG0j7VpMufFJ7fDbcUIDwFiAxqJj6tXbAbXlXhqQJne3muFVVwc0XM0x3r4_tndY7p_ozcfGd1-Fss5GdLOypPXCd9jWQNZq-Urq9t4eF_8=w114-h86-k-no | https://lh3.googleusercontent.com/gps-cs-s/AHVAweoBwtlQ155Opi7t3BEMQjh99K80h1sTBLa-1Fd6sWgMp4VDl-aEZVA0KseGClmP5J46ehigzrsl3iJ-KFYPvu83mWe0tcUu1LO_AQ9jvCVF2MGAuJT_lGIz4fd6YRCklPbDNOrJ=w152-h86-k-no | https://lh3.googleusercontent.com/gps-cs-s/AHVAweopaFf5wPCOb1_IaHNs19JbU9kTj08e8Y9toCDV84MD7wDoj1gHXPyuZTf8NPyiofChkbaPq0Vq2vfYdDw9g72dVfKO5D5Z3m1GPLx2I-ZFR8gMu_LLhGDc_6ROt9Xx77u1uGza=w86-h114-k-no
Tradesman Coffee Shop and Lounge,BOS-CHT-115,42.3742508,-71.0760291,"58 Batterymarch St, Boston, MA 02110, United States",02110,Boston,MA,
Bitty & Beau's Coffee,BOS-CHT-116,42.3728164,-71.1086141,"350 Water St, East Cambridge, MA 02141, United States",02141,Boston,MA,https://lh3.googleusercontent.com/gps-cs-s/AHVAwep6zUnRtDm481QlSz9mFgzHCN4QKS8uMo2YkAB6_XP8tk81DVF1GVjTk-JJKw9hfhuVX3uwP2kdtBNWt_7I86OBDXL626D_h5Zeh-_LzvxtV0HC1WjagNkzzaYgd7NCxtRii57I=w32-h32-p-k-no | https://lh3.googleusercontent.com/gps-cs-s/AHVAwerusPEq_3xUYVun7POOchQuzWktYlPo0qcxIQNG9DMeAguB9vP8KZ_UB6l3AZqCGPAoIbWqmZlFLLsPZqGZjog9g6V-jRaY3io4JC179_3G7dqAg2a1b5AdvLaFx9hG4MvYIgw=w32-h32-p-k-no | https://lh3.googleusercontent.com/gps-cs-s/AHVAwer7BVi_KWtTWgXi1q7h5Ay4xYNiFvG0j7VpMufFJ7fDbcUIDwFiAxqJj6tXbAbXlXhqQJne3muFVVwc0XM0x3r4_tndY7p_ozcfGd1-Fss5GdLOypPXCd9jWQNZq-Urq9t4eF_8=w114-h86-k-no | https://lh3.googleusercontent.com/gps-cs-s/AHVAweoBwtlQ155Opi7t3BEMQjh99K80h1sTBLa-1Fd6sWgMp4VDl-aEZVA0KseGClmP5J46ehigzrsl3iJ-KFYPvu83mWe0tcUu1LO_AQ9jvCVF2MGAuJT_lGIz4fd6YRCklPbDNOrJ=w152-h86-k-no | https://lh3.googleusercontent.com/gps-cs-s/AHVAweopaFf5wPCOb1_IaHNs19JbU9kTj08e8Y9toCDV84MD7wDoj1gHXPyuZTf8NPyiofChkbaPq0Vq2vfYdDw9g72dVfKO5D5Z3m1GPLx2I-ZFR8gMu_LLhGDc_6ROt9Xx77u1uGza=w86-h114-k-no
Caffè dello Sport,BOS-CHT-117,42.3728164,-71.1086141,"308 Hanover St, Boston, MA 02113, United States",02113,Boston,MA,https://lh3.googleusercontent.com/gps-cs-s/AHVAweo-1CnhXXMEcuPB-_mtVf0Dez-ry0KLxk6jWk8bgEsNPQ6CyvH7aeHwPHGo6W5cFCWS8j41kqN7qxK8zd5GUYd-Tsk_9vJ1n9BD0A7QR3i8gdf9Gu4f5PhSfANxwOxqFX0oDfvDtQ=w32-h32-p-k-no | https://lh3.googleusercontent.com/gps-cs-s/AHVAwep6zUnRtDm481QlSz9mFgzHCN4QKS8uMo2YkAB6_XP8tk81DVF1GVjTk-JJKw9hfhuVX3uwP2kdtBNWt_7I86OBDXL626D_h5Zeh-_LzvxtV0HC1WjagNkzzaYgd7NCxtRii57I=w32-h32-p-k-no | https://lh3.googleusercontent.com/gps-cs-s/AHVAwer7BVi_KWtTWgXi1q7h5Ay4xYNiFvG0j7VpMufFJ7fDbcUIDwFiAxqJj6tXbAbXlXhqQJne3muFVVwc0XM0x3r4_tndY7p_ozcfGd1-Fss5GdLOypPXCd9jWQNZq-Urq9t4eF_8=w114-h86-k-no | https://lh3.googleusercontent.com/gps-cs-s/AHVAweoBwtlQ155Opi7t3BEMQjh99K80h1sTBLa-1Fd6sWgMp4VDl-aEZVA0KseGClmP5J46ehigzrsl3iJ-KFYPvu83mWe0tcUu1LO_AQ9jvCVF2MGAuJT_lGIz4fd6YRCklPbDNOrJ=w152-h86-k-no | https://lh3.googleusercontent.com/gps-cs-s/AHVAweopaFf5wPCOb1_IaHNs19JbU9kTj08e8Y9toCDV84MD7wDoj1gHXPyuZTf8NPyiofChkbaPq0Vq2vfYdDw9g72dVfKO5D5Z3m1GPLx2I-ZFR8gMu_LLhGDc_6ROt9Xx77u1uGza=w86-h114-k-no
Dunkin',BOS-CHT-118,42.3728164,-71.1086141,"99 Cambridge St, Charlestown, MA 02129, United States",02129,Boston,MA,
Longwood Galleria Food Court,BOS-CHT-119,42.338473,-71.1431509,"400 Brookline Ave, Boston, MA 02215, United States",02215,Boston,MA,https://lh3.googleusercontent.com/gps-cs-s/AHVAwerpeIxeIUc2LDDRvV6H2VEFWHeNiNhBvodr7nEcX3LR4hE8qb1W4kEPoZnhyCchBJ50dWuvIq0IOC5jtsT38iZvEqNSMVYEfbLQ9jTBfafzQ8cpwpkiHL6imYcyEc50LKfBFpwjug=w32-h32-p-k-no | https://lh3.googleusercontent.com/gps-cs-s/AHVAweqkdBU5nEN1osjJFVbvrCx0GpzTgZnNb4GJVcUi7zYTK-DHfALP2CStDj2qgJlmW09yvIarDRurI2hHaRIXh8v3-Gbp19zwuKDoHxNxzvPhh4RSFbuTj6KMPVExrtzis5oN9uGW=w32-h32-p-k-no | https://lh3.googleusercontent.com/gps-cs-s/AHVAwer7BVi_KWtTWgXi1q7h5Ay4xYNiFvG0j7VpMufFJ7fDbcUIDwFiAxqJj6tXbAbXlXhqQJne3muFVVwc0XM0x3r4_tndY7p_ozcfGd1-Fss5GdLOypPXCd9jWQNZq-Urq9t4eF_8=w114-h86-k-no | https://lh3.googleusercontent.com/gps-cs-s/AHVAweoBwtlQ155Opi7t3BEMQjh99K80h1sTBLa-1Fd6sWgMp4VDl-aEZVA0KseGClmP5J46ehigzrsl3iJ-KFYPvu83mWe0tcUu1LO_AQ9jvCVF2MGAuJT_lGIz4fd6YRCklPbDNOrJ=w152-h86-k-no | https://lh3.googleusercontent.com/gps-cs-s/AHVAweopaFf5wPCOb1_IaHNs19JbU9kTj08e8Y9toCDV84MD7wDoj1gHXPyuZTf8NPyiofChkbaPq0Vq2vfYdDw9g72dVfKO5D5Z3m1GPLx2I-ZFR8gMu_LLhGDc_6ROt9Xx77u1uGza=w86-h114-k-no
Gracenote Coffee,BOS-CHT-120,42.3541978,-71.0915247,"72 High St, Boston, MA 02110, United States",02110,Boston,MA,https://lh3.googleusercontent.com/gps-cs-s/AHVAweodcNUxf3zy9tg3rcmPUyCC1Gm5LF6-XxEH-6L1z1b6VX_DKQCQvrBoJqG4jTAsLbTmz3af90ZHMZeHFhCxQjEJ3KIOSFRLieO8AqCfE5XnP8n8whi7vOo89d9_nHHTLGLdK2jzpY-LlxDa=w32-h32-p-k-no | https://lh3.googleusercontent.com/gps-cs-s/AHVAwerpeIxeIUc2LDDRvV6H2VEFWHeNiNhBvodr7nEcX3LR4hE8qb1W4kEPoZnhyCchBJ50dWuvIq0IOC5jtsT38iZvEqNSMVYEfbLQ9jTBfafzQ8cpwpkiHL6imYcyEc50LKfBFpwjug=w32-h32-p-k-no | https://lh3.googleusercontent.com/gps-cs-s/AHVAwer7BVi_KWtTWgXi1q7h5Ay4xYNiFvG0j7VpMufFJ7fDbcUIDwFiAxqJj6tXbAbXlXhqQJne3muFVVwc0XM0x3r4_tndY7p_ozcfGd1-Fss5GdLOypPXCd9jWQNZq-Urq9t4eF_8=w114-h86-k-no | https://lh3.googleusercontent.com/gps-cs-s/AHVAweoBwtlQ155Opi7t3BEMQjh99K80h1sTBLa-1Fd6sWgMp4VDl-aEZVA0KseGClmP5J46ehigzrsl3iJ-KFYPvu83mWe0tcUu1LO_AQ9jvCVF2MGAuJT_lGIz4fd6YRCklPbDNOrJ=w152-h86-k-no | https://lh3.googleusercontent.com/gps-cs-s/AHVAweopaFf5wPCOb1_IaHNs19JbU9kTj08e8Y9toCDV84MD7wDoj1gHXPyuZTf8NPyiofChkbaPq0Vq2vfYdDw9g72dVfKO5D5Z3m1GPLx2I-ZFR8gMu_LLhGDc_6ROt9Xx77u1uGza=w86-h114-k-no
Flour Bakery + Cafe,BOS-CHT-121,42.3541978,-71.0915247,"209 Cambridge St, Boston, MA 02114, United States",02114,Boston,MA,https://lh3.googleusercontent.com/gps-cs-s/AHVAweoUp8-L4EsOCglQdZuIyBcbMzA0CgdlH9sb-g-2klr01wZEz_30qSG3fcCcb5kj_Zch2X4X-cJYAE3xdpFyTUQjw7dKJw-Y1EDgw1_otkksd_WBVxRDLz7WwTelIROAOgfEKuMQ=w32-h32-p-k-no | https://lh3.googleusercontent.com/gps-cs-s/AHVAweovFwba55gkcXfbOKeDN5Ht2sqBLRAVBAVXnefgFqxvYQAxe83_B10PVEYJkA8XMBse-JiDAzURLIoa9Jp-yGO1M6xlkkZBNpLOEgCYilcMqCEA7LLjxRIje_9j3K5XYiHhx_xE=w32-h32-p-k-no | https://lh3.googleusercontent.com/gps-cs-s/AHVAwer7BVi_KWtTWgXi1q7h5Ay4xYNiFvG0j7VpMufFJ7fDbcUIDwFiAxqJj6tXbAbXlXhqQJne3muFVVwc0XM0x3r4_tndY7p_ozcfGd1-Fss5GdLOypPXCd9jWQNZq-Urq9t4eF_8=w114-h86-k-no | https://lh3.googleusercontent.com/gps-cs-s/AHVAweoBwtlQ155Opi7t3BEMQjh99K80h1sTBLa-1Fd6sWgMp4VDl-aEZVA0KseGClmP5J46ehigzrsl3iJ-KFYPvu83mWe0tcUu1LO_AQ9jvCVF2MGAuJT_lGIz4fd6YRCklPbDNOrJ=w152-h86-k-no | https://lh3.googleusercontent.com/gps-cs-s/AHVAweopaFf5wPCOb1_IaHNs19JbU9kTj08e8Y9toCDV84MD7wDoj1gHXPyuZTf8NPyiofChkbaPq0Vq2vfYdDw9g72dVfKO5D5Z3m1GPLx2I-ZFR8gMu_LLhGDc_6ROt9Xx77u1uGza=w86-h114-k-no
Kicco Italian Coffee,BOS-CHT-122,42.3541978,-71.0915247,"1 Nashua St, Boston, MA 02114, United States",02114,Boston,MA,https://lh3.googleusercontent.com/gps-cs-s/AHVAweqwW3AXTgISXLBQsGlNrDTyvS2ruFOUjV9DiRZwGvWh1aSc0QaJj3q7Rn9OXXObYuTocJykRLmCnoUmBlYuK77ygy_OcPs7JXXcYdMBhoZE9WNeKK7bgMnPBNXbx5b7IdFJaMW8Ow=w32-h32-p-k-no | https://lh3.googleusercontent.com/gps-cs-s/AHVAweoUp8-L4EsOCglQdZuIyBcbMzA0CgdlH9sb-g-2klr01wZEz_30qSG3fcCcb5kj_Zch2X4X-cJYAE3xdpFyTUQjw7dKJw-Y1EDgw1_otkksd_WBVxRDLz7WwTelIROAOgfEKuMQ=w32-h32-p-k-no | https://lh3.googleusercontent.com/gps-cs-s/AHVAwer7BVi_KWtTWgXi1q7h5Ay4xYNiFvG0j7VpMufFJ7fDbcUIDwFiAxqJj6tXbAbXlXhqQJne3muFVVwc0XM0x3r4_tndY7p_ozcfGd1-Fss5GdLOypPXCd9jWQNZq-Urq9t4eF_8=w114-h86-k-no | https://lh3.googleusercontent.com/gps-cs-s/AHVAweoBwtlQ155Opi7t3BEMQjh99K80h1sTBLa-1Fd6sWgMp4VDl-aEZVA0KseGClmP5J46ehigzrsl3iJ-KFYPvu83mWe0tcUu1LO_AQ9jvCVF2MGAuJT_lGIz4fd6YRCklPbDNOrJ=w152-h86-k-no | https://lh3.googleusercontent.com/gps-cs-s/AHVAweopaFf5wPCOb1_IaHNs19JbU9kTj08e8Y9toCDV84MD7wDoj1gHXPyuZTf8NPyiofChkbaPq0Vq2vfYdDw9g72dVfKO5D5Z3m1GPLx2I-ZFR8gMu_LLhGDc_6ROt9Xx77u1uGza=w86-h114-k-no
Caffe Vittoria,BOS-CHT-123,42.3541978,-71.0915247,"290-296 Hanover St, Boston, MA 02113, United States",02113,Boston,MA,
Blank Street,BOS-CHT-124,42.3541978,-71.0915247,"97 Charles St, Boston, MA 02114, United States",02114,Boston,MA,
Waverly Kitchen & Bar Charlestown,BOS-CHT-125,42.3794577,-71.0813771,"231 Bunker Hill St, Charlestown, MA 02129, United States",02129,Boston,MA,https://lh3.googleusercontent.com/gps-cs-s/AHVAweoBwtlQ155Opi7t3BEMQjh99K80h1sTBLa-1Fd6sWgMp4VDl-aEZVA0KseGClmP5J46ehigzrsl3iJ-KFYPvu83mWe0tcUu1LO_AQ9jvCVF2MGAuJT_lGIz4fd6YRCklPbDNOrJ=w163-h92-k-no | https://lh3.googleusercontent.com/gps-cs-s/AHVAwer7BVi_KWtTWgXi1q7h5Ay4xYNiFvG0j7VpMufFJ7fDbcUIDwFiAxqJj6tXbAbXlXhqQJne3muFVVwc0XM0x3r4_tndY7p_ozcfGd1-Fss5GdLOypPXCd9jWQNZq-Urq9t4eF_8=w122-h92-k-no | https://lh3.googleusercontent.com/gps-cs-s/AHVAweqj6B_tlufU8RonuHntVpQyU2cH9Q6Sr7w_vej1xoAf0hHGNsJSqquWkCkUvC_AJLKtmhJtnIkCZXGRMXllOQy5LRtH6crNlzjiJezDPClkiVY5O6aqpFspMWQNOFkLFZ94USxM=w143-h92-k-no | https://lh3.googleusercontent.com/gps-cs-s/AHVAweopaFf5wPCOb1_IaHNs19JbU9kTj08e8Y9toCDV84MD7wDoj1gHXPyuZTf8NPyiofChkbaPq0Vq2vfYdDw9g72dVfKO5D5Z3m1GPLx2I-ZFR8gMu_LLhGDc_6ROt9Xx77u1uGza=w80-h106-k-no | https://lh3.googleusercontent.com/gps-cs-s/AHVAweo1P7oEovOQZdM-zsBezKoR_rd17fGWfVnR4VRiszZ7OcrwMNbum8AHjXNqZNFHy_fh08TQr6yt5aEZ1hweJhCssVTr3AOANn-6nxZh6Jrf4wMO8mPodH5XAzwNtz8KfzYGC3VKBcN_4wAV=w122-h92-k-no
mister Q. cafe,BOS-CHT-126,42.3794577,-71.0813771,"283 Main St, Charlestown, MA 02129, United States",02129,Boston,MA,https://lh3.googleusercontent.com/gps-cs-s/AHVAweqj6B_tlufU8RonuHntVpQyU2cH9Q6Sr7w_vej1xoAf0hHGNsJSqquWkCkUvC_AJLKtmhJtnIkCZXGRMXllOQy5LRtH6crNlzjiJezDPClkiVY5O6aqpFspMWQNOFkLFZ94USxM=w32-h32-p-k-no | https://lh3.googleusercontent.com/gps-cs-s/AHVAweoBwtlQ155Opi7t3BEMQjh99K80h1sTBLa-1Fd6sWgMp4VDl-aEZVA0KseGClmP5J46ehigzrsl3iJ-KFYPvu83mWe0tcUu1LO_AQ9jvCVF2MGAuJT_lGIz4fd6YRCklPbDNOrJ=w163-h92-k-no | https://lh3.googleusercontent.com/gps-cs-s/AHVAwer7BVi_KWtTWgXi1q7h5Ay4xYNiFvG0j7VpMufFJ7fDbcUIDwFiAxqJj6tXbAbXlXhqQJne3muFVVwc0XM0x3r4_tndY7p_ozcfGd1-Fss5GdLOypPXCd9jWQNZq-Urq9t4eF_8=w122-h92-k-no | https://lh3.googleusercontent.com/gps-cs-s/AHVAweqj6B_tlufU8RonuHntVpQyU2cH9Q6Sr7w_vej1xoAf0hHGNsJSqquWkCkUvC_AJLKtmhJtnIkCZXGRMXllOQy5LRtH6crNlzjiJezDPClkiVY5O6aqpFspMWQNOFkLFZ94USxM=w143-h92-k-no | https://lh3.googleusercontent.com/gps-cs-s/AHVAweopaFf5wPCOb1_IaHNs19JbU9kTj08e8Y9toCDV84MD7wDoj1gHXPyuZTf8NPyiofChkbaPq0Vq2vfYdDw9g72dVfKO5D5Z3m1GPLx2I-ZFR8gMu_LLhGDc_6ROt9Xx77u1uGza=w80-h106-k-no
Brewer's Fork,BOS-CHT-127,42.3794577,-71.0813771,"7 Moulton St, Charlestown, MA 02129, United States",02129,Boston,MA,https://lh3.googleusercontent.com/gps-cs-s/AHVAwepwf8DJKslQUItAEyEZ5CkIgec8FZwnOBZNtxhdvC8iNa2nKnfMWuaf7QItqkjb-kjm5EUr1jm1I7S8o2hIF7lzLx2swIRFjE3VS_LofUB46kq26abr4kMjNE2tUA3kRQgXI5tXoQ=w32-h32-p-k-no | https://lh3.googleusercontent.com/gps-cs-s/AHVAweqj6B_tlufU8RonuHntVpQyU2cH9Q6Sr7w_vej1xoAf0hHGNsJSqquWkCkUvC_AJLKtmhJtnIkCZXGRMXllOQy5LRtH6crNlzjiJezDPClkiVY5O6aqpFspMWQNOFkLFZ94USxM=w32-h32-p-k-no | https://lh3.googleusercontent.com/gps-cs-s/AHVAweoBwtlQ155Opi7t3BEMQjh99K80h1sTBLa-1Fd6sWgMp4VDl-aEZVA0KseGClmP5J46ehigzrsl3iJ-KFYPvu83mWe0tcUu1LO_AQ9jvCVF2MGAuJT_lGIz4fd6YRCklPbDNOrJ=w163-h92-k-no | https://lh3.googleusercontent.com/gps-cs-s/AHVAwer7BVi_KWtTWgXi1q7h5Ay4xYNiFvG0j7VpMufFJ7fDbcUIDwFiAxqJj6tXbAbXlXhqQJne3muFVVwc0XM0x3r4_tndY7p_ozcfGd1-Fss5GdLOypPXCd9jWQNZq-Urq9t4eF_8=w122-h92-k-no | https://lh3.googleusercontent.com/gps-cs-s/AHVAweqj6B_tlufU8RonuHntVpQyU2cH9Q6Sr7w_vej1xoAf0hHGNsJSqquWkCkUvC_AJLKtmhJtnIkCZXGRMXllOQy5LRtH6crNlzjiJezDPClkiVY5O6aqpFspMWQNOFkLFZ94USxM=w143-h92-k-no
Blackmoor Bar and Kitchen,BOS-CHT-128,42.3794577,-71.0813771,"1 Chelsea St, Charlestown, MA 02129, United States",02129,Boston,MA,https://lh3.googleusercontent.com/gps-cs-s/AHVAwepMci7YnChtJ9eOT2ajL43jSlTfUQzl_aQLuydXtAKq2y3RV6dHqOvwkabYjCgZ1w__kMJz_Al7FYAm-lMhHnMpizY0inF62p3PnQAmXhtTc69eot_hEzYj87_KYoRN_hDxm8Tk=w32-h32-p-k-no | https://lh3.googleusercontent.com/gps-cs-s/AHVAwepwf8DJKslQUItAEyEZ5CkIgec8FZwnOBZNtxhdvC8iNa2nKnfMWuaf7QItqkjb-kjm5EUr1jm1I7S8o2hIF7lzLx2swIRFjE3VS_LofUB46kq26abr4kMjNE2tUA3kRQgXI5tXoQ=w32-h32-p-k-no | https://lh3.googleusercontent.com/gps-cs-s/AHVAweoBwtlQ155Opi7t3BEMQjh99K80h1sTBLa-1Fd6sWgMp4VDl-aEZVA0KseGClmP5J46ehigzrsl3iJ-KFYPvu83mWe0tcUu1LO_AQ9jvCVF2MGAuJT_lGIz4fd6YRCklPbDNOrJ=w163-h92-k-no | https://lh3.googleusercontent.com/gps-cs-s/AHVAwer7BVi_KWtTWgXi1q7h5Ay4xYNiFvG0j7VpMufFJ7fDbcUIDwFiAxqJj6tXbAbXlXhqQJne3muFVVwc0XM0x3r4_tndY7p_ozcfGd1-Fss5GdLOypPXCd9jWQNZq-Urq9t4eF_8=w122-h92-k-no | https://lh3.googleusercontent.com/gps-cs-s/AHVAweqj6B_tlufU8RonuHntVpQyU2cH9Q6Sr7w_vej1xoAf0hHGNsJSqquWkCkUvC_AJLKtmhJtnIkCZXGRMXllOQy5LRtH6crNlzjiJezDPClkiVY5O6aqpFspMWQNOFkLFZ94USxM=w143-h92-k-no
Peruvian Taste,BOS-CHT-129,42.3871867,-71.09301,"78 Arlington Ave, Charlestown, MA 02129, United States",02129,Boston,MA,https://lh3.googleusercontent.com/gps-cs-s/AHVAwepsOz9n7MWqxPFBLTbTFRZKNwiFwALBsXpGmrSCxqQGEDjfoY0UaN8qhWzDy3FFp9kB1qGInWy9wEKRs5Z0h5fM_dm0kjgUUr7xocCl7ezps3xaEYkEv8dk3VL-9DLqlDwwzN3zyg=w32-h32-p-k-no | https://lh3.googleusercontent.com/gps-cs-s/AHVAwepMci7YnChtJ9eOT2ajL43jSlTfUQzl_aQLuydXtAKq2y3RV6dHqOvwkabYjCgZ1w__kMJz_Al7FYAm-lMhHnMpizY0inF62p3PnQAmXhtTc69eot_hEzYj87_KYoRN_hDxm8Tk=w32-h32-p-k-no | https://lh3.googleusercontent.com/gps-cs-s/AHVAweoBwtlQ155Opi7t3BEMQjh99K80h1sTBLa-1Fd6sWgMp4VDl-aEZVA0KseGClmP5J46ehigzrsl3iJ-KFYPvu83mWe0tcUu1LO_AQ9jvCVF2MGAuJT_lGIz4fd6YRCklPbDNOrJ=w163-h92-k-no | https://lh3.googleusercontent.com/gps-cs-s/AHVAwer7BVi_KWtTWgXi1q7h5Ay4xYNiFvG0j7VpMufFJ7fDbcUIDwFiAxqJj6tXbAbXlXhqQJne3muFVVwc0XM0x3r4_tndY7p_ozcfGd1-Fss5GdLOypPXCd9jWQNZq-Urq9t4eF_8=w122-h92-k-no | https://lh3.googleusercontent.com/gps-cs-s/AHVAweqj6B_tlufU8RonuHntVpQyU2cH9Q6Sr7w_vej1xoAf0hHGNsJSqquWkCkUvC_AJLKtmhJtnIkCZXGRMXllOQy5LRtH6crNlzjiJezDPClkiVY5O6aqpFspMWQNOFkLFZ94USxM=w143-h92-k-no
Pier 6,BOS-CHT-130,42.3731806,-71.0681371,"1 8th St, Charlestown, MA 02129, United States",02129,Boston,MA,https://lh3.googleusercontent.com/gps-cs-s/AHVAwerdvKy1Q2XVpvh2lHNGErH3Mm3zCpmLoLNdCLMab4zPuNkPIy7y9loNch79uvUKy7bJUtpWNRKLk8ON1gM9uzl-yHw_yOmLoFhtEh0Q16jVNguMzDUP7-7glwu_1NCEzfTohUKk3OaIKPH3=w32-h32-p-k-no | https://lh3.googleusercontent.com/gps-cs-s/AHVAwepsOz9n7MWqxPFBLTbTFRZKNwiFwALBsXpGmrSCxqQGEDjfoY0UaN8qhWzDy3FFp9kB1qGInWy9wEKRs5Z0h5fM_dm0kjgUUr7xocCl7ezps3xaEYkEv8dk3VL-9DLqlDwwzN3zyg=w32-h32-p-k-no | https://lh3.googleusercontent.com/gps-cs-s/AHVAweoBwtlQ155Opi7t3BEMQjh99K80h1sTBLa-1Fd6sWgMp4VDl-aEZVA0KseGClmP5J46ehigzrsl3iJ-KFYPvu83mWe0tcUu1LO_AQ9jvCVF2MGAuJT_lGIz4fd6YRCklPbDNOrJ=w163-h92-k-no | https://lh3.googleusercontent.com/gps-cs-s/AHVAwer7BVi_KWtTWgXi1q7h5Ay4xYNiFvG0j7VpMufFJ7fDbcUIDwFiAxqJj6tXbAbXlXhqQJne3muFVVwc0XM0x3r4_tndY7p_ozcfGd1-Fss5GdLOypPXCd9jWQNZq-Urq9t4eF_8=w122-h92-k-no | https://lh3.googleusercontent.com/gps-cs-s/AHVAweqj6B_tlufU8RonuHntVpQyU2cH9Q6Sr7w_vej1xoAf0hHGNsJSqquWkCkUvC_AJLKtmhJtnIkCZXGRMXllOQy5LRtH6crNlzjiJezDPClkiVY5O6aqpFspMWQNOFkLFZ94USxM=w143-h92-k-no
The Shop at Dovetail,BOS-CHT-131,42.3731806,-71.0681371,"1 1st Ave, Charlestown, MA 02129, United States",02129,Boston,MA,https://lh3.googleusercontent.com/gps-cs-s/AHVAwerXFEgVWUQSBv7T1iC61pkWKIwcjmSj--lzZSoDhKvBJ4PZ1Yo_1McKWnw8hAofziWU7Lu6BR1T8M_wd9misBDeiLcxxcpOJg4uBVoGtBJ9uPGgvq6BSuNJ2H5l-L35pe0yyEG5=w32-h32-p-k-no | https://lh3.googleusercontent.com/gps-cs-s/AHVAwerdvKy1Q2XVpvh2lHNGErH3Mm3zCpmLoLNdCLMab4zPuNkPIy7y9loNch79uvUKy7bJUtpWNRKLk8ON1gM9uzl-yHw_yOmLoFhtEh0Q16jVNguMzDUP7-7glwu_1NCEzfTohUKk3OaIKPH3=w32-h32-p-k-no | https://lh3.googleusercontent.com/gps-cs-s/AHVAweoBwtlQ155Opi7t3BEMQjh99K80h1sTBLa-1Fd6sWgMp4VDl-aEZVA0KseGClmP5J46ehigzrsl3iJ-KFYPvu83mWe0tcUu1LO_AQ9jvCVF2MGAuJT_lGIz4fd6YRCklPbDNOrJ=w163-h92-k-no | https://lh3.googleusercontent.com/gps-cs-s/AHVAwer7BVi_KWtTWgXi1q7h5Ay4xYNiFvG0j7VpMufFJ7fDbcUIDwFiAxqJj6tXbAbXlXhqQJne3muFVVwc0XM0x3r4_tndY7p_ozcfGd1-Fss5GdLOypPXCd9jWQNZq-Urq9t4eF_8=w122-h92-k-no | https://lh3.googleusercontent.com/gps-cs-s/AHVAweqj6B_tlufU8RonuHntVpQyU2cH9Q6Sr7w_vej1xoAf0hHGNsJSqquWkCkUvC_AJLKtmhJtnIkCZXGRMXllOQy5LRtH6crNlzjiJezDPClkiVY5O6aqpFspMWQNOFkLFZ94USxM=w143-h92-k-no
Mini Donut Diva,BOS-CHT-132,42.3835512,-71.0924541,"Foundation Kitchen, 32 Cambridge St, Charlestown, MA 02129, United States",02129,Boston,MA,https://lh3.googleusercontent.com/gps-cs-s/AHVAwepU8zd38xvOTHIZHOwGv0XmkewRQKXMvBKZEw4L_QHj59MUwcSIIvGOSLjqvH_n6JAxABV6I_pQVakDwGCXtNDRV4Io4jVfuPz_BpKHr-xjvNHtwkfEEwcMmBqeEUgr2eGY_7LJzQ=w32-h32-p-k-no | https://lh3.googleusercontent.com/gps-cs-s/AHVAwerXFEgVWUQSBv7T1iC61pkWKIwcjmSj--lzZSoDhKvBJ4PZ1Yo_1McKWnw8hAofziWU7Lu6BR1T8M_wd9misBDeiLcxxcpOJg4uBVoGtBJ9uPGgvq6BSuNJ2H5l-L35pe0yyEG5=w32-h32-p-k-no | https://lh3.googleusercontent.com/gps-cs-s/AHVAweoBwtlQ155Opi7t3BEMQjh99K80h1sTBLa-1Fd6sWgMp4VDl-aEZVA0KseGClmP5J46ehigzrsl3iJ-KFYPvu83mWe0tcUu1LO_AQ9jvCVF2MGAuJT_lGIz4fd6YRCklPbDNOrJ=w163-h92-k-no | https://lh3.googleusercontent.com/gps-cs-s/AHVAwer7BVi_KWtTWgXi1q7h5Ay4xYNiFvG0j7VpMufFJ7fDbcUIDwFiAxqJj6tXbAbXlXhqQJne3muFVVwc0XM0x3r4_tndY7p_ozcfGd1-Fss5GdLOypPXCd9jWQNZq-Urq9t4eF_8=w122-h92-k-no | https://lh3.googleusercontent.com/gps-cs-s/AHVAweqj6B_tlufU8RonuHntVpQyU2cH9Q6Sr7w_vej1xoAf0hHGNsJSqquWkCkUvC_AJLKtmhJtnIkCZXGRMXllOQy5LRtH6crNlzjiJezDPClkiVY5O6aqpFspMWQNOFkLFZ94USxM=w143-h92-k-no
Bloc Cafe,BOS-CHT-133,42.3808083,-71.1148772,"11 Bow St, Somerville, MA 02143, United States",02143,Boston,MA,https://lh3.googleusercontent.com/gps-cs-s/AHVAwepTzyszNmZhkMdiN7wxAGBgZAL_wL-bEVTP5c0fWdufKrq570x3gULyS3INa-4QUBCf3XObvwT40NxlkKC37XLxUIeRKEbZdj0Xw2fJDxXV2Q1_qSteC14m_jdZvu_xIrXVcstS=w32-h32-p-k-no | https://lh3.googleusercontent.com/gps-cs-s/AHVAwepU8zd38xvOTHIZHOwGv0XmkewRQKXMvBKZEw4L_QHj59MUwcSIIvGOSLjqvH_n6JAxABV6I_pQVakDwGCXtNDRV4Io4jVfuPz_BpKHr-xjvNHtwkfEEwcMmBqeEUgr2eGY_7LJzQ=w32-h32-p-k-no | https://lh3.googleusercontent.com/gps-cs-s/AHVAweoBwtlQ155Opi7t3BEMQjh99K80h1sTBLa-1Fd6sWgMp4VDl-aEZVA0KseGClmP5J46ehigzrsl3iJ-KFYPvu83mWe0tcUu1LO_AQ9jvCVF2MGAuJT_lGIz4fd6YRCklPbDNOrJ=w163-h92-k-no | https://lh3.googleusercontent.com/gps-cs-s/AHVAwer7BVi_KWtTWgXi1q7h5Ay4xYNiFvG0j7VpMufFJ7fDbcUIDwFiAxqJj6tXbAbXlXhqQJne3muFVVwc0XM0x3r4_tndY7p_ozcfGd1-Fss5GdLOypPXCd9jWQNZq-Urq9t4eF_8=w122-h92-k-no | https://lh3.googleusercontent.com/gps-cs-s/AHVAweqj6B_tlufU8RonuHntVpQyU2cH9Q6Sr7w_vej1xoAf0hHGNsJSqquWkCkUvC_AJLKtmhJtnIkCZXGRMXllOQy5LRtH6crNlzjiJezDPClkiVY5O6aqpFspMWQNOFkLFZ94USxM=w143-h92-k-no
Cafe Beatrice,BOS-CHT-134,42.3720431,-71.0936119,"100 N First St, Cambridge, MA 02141, United States",02141,Boston,MA,https://lh3.googleusercontent.com/gps-cs-s/AHVAwepoXVWy1Xlpho8eEpHfAuLNRpjJkhiqfRrGtJ4EOsRvI75mWj7m8yNyc2Be2Ft18mlmsV0rpxoGZeo_lRGM0jMoBaHWBrtU0LoK-X40Fas_Q70CttIWHDrZd8BW_b4-oXeem3i8kQ=w32-h32-p-k-no | https://lh3.googleusercontent.com/gps-cs-s/AHVAwepTzyszNmZhkMdiN7wxAGBgZAL_wL-bEVTP5c0fWdufKrq570x3gULyS3INa-4QUBCf3XObvwT40NxlkKC37XLxUIeRKEbZdj0Xw2fJDxXV2Q1_qSteC14m_jdZvu_xIrXVcstS=w32-h32-p-k-no | https://lh3.googleusercontent.com/gps-cs-s/AHVAweoBwtlQ155Opi7t3BEMQjh99K80h1sTBLa-1Fd6sWgMp4VDl-aEZVA0KseGClmP5J46ehigzrsl3iJ-KFYPvu83mWe0tcUu1LO_AQ9jvCVF2MGAuJT_lGIz4fd6YRCklPbDNOrJ=w163-h92-k-no | https://lh3.googleusercontent.com/gps-cs-s/AHVAwer7BVi_KWtTWgXi1q7h5Ay4xYNiFvG0j7VpMufFJ7fDbcUIDwFiAxqJj6tXbAbXlXhqQJne3muFVVwc0XM0x3r4_tndY7p_ozcfGd1-Fss5GdLOypPXCd9jWQNZq-Urq9t4eF_8=w122-h92-k-no | https://lh3.googleusercontent.com/gps-cs-s/AHVAweqj6B_tlufU8RonuHntVpQyU2cH9Q6Sr7w_vej1xoAf0hHGNsJSqquWkCkUvC_AJLKtmhJtnIkCZXGRMXllOQy5LRtH6crNlzjiJezDPClkiVY5O6aqpFspMWQNOFkLFZ94USxM=w143-h92-k-no
The Corner Restaurant - Fresh Dominican Food Daily,BOS-CHT-135,42.3782584,-71.0788513,"156 Bunker Hill St, Boston, MA 02129, United States",02129,Boston,MA,https://lh3.googleusercontent.com/gps-cs-s/AHVAweovnCWr1OYYCVoODCzLNYCay7IeF48NDFXrHtxGAVne5UPNk6ss56wbiC1mSqX1Xdn0pMflKVtOMOGD1I3j9FoADsmMBsvd7cJe4xtf5ercmGDvNHW6QJ0c1XFs3vQ149Y9mdiZ4A=w32-h32-p-k-no | https://lh3.googleusercontent.com/gps-cs-s/AHVAwepoXVWy1Xlpho8eEpHfAuLNRpjJkhiqfRrGtJ4EOsRvI75mWj7m8yNyc2Be2Ft18mlmsV0rpxoGZeo_lRGM0jMoBaHWBrtU0LoK-X40Fas_Q70CttIWHDrZd8BW_b4-oXeem3i8kQ=w32-h32-p-k-no | https://lh3.googleusercontent.com/gps-cs-s/AHVAweoBwtlQ155Opi7t3BEMQjh99K80h1sTBLa-1Fd6sWgMp4VDl-aEZVA0KseGClmP5J46ehigzrsl3iJ-KFYPvu83mWe0tcUu1LO_AQ9jvCVF2MGAuJT_lGIz4fd6YRCklPbDNOrJ=w163-h92-k-no | https://lh3.googleusercontent.com/gps-cs-s/AHVAwer7BVi_KWtTWgXi1q7h5Ay4xYNiFvG0j7VpMufFJ7fDbcUIDwFiAxqJj6tXbAbXlXhqQJne3muFVVwc0XM0x3r4_tndY7p_ozcfGd1-Fss5GdLOypPXCd9jWQNZq-Urq9t4eF_8=w122-h92-k-no | https://lh3.googleusercontent.com/gps-cs-s/AHVAweqj6B_tlufU8RonuHntVpQyU2cH9Q6Sr7w_vej1xoAf0hHGNsJSqquWkCkUvC_AJLKtmhJtnIkCZXGRMXllOQy5LRtH6crNlzjiJezDPClkiVY5O6aqpFspMWQNOFkLFZ94USxM=w143-h92-k-no
Tangierino Lounge,BOS-CHT-136,42.3782584,-71.0788513,"73 A Main St, Boston, MA 02129, United States",02129,Boston,MA,https://lh3.googleusercontent.com/gps-cs-s/AHVAwepDmkT1bJWZyEKmPKDwaG6ittPDfa5U8_2bMPZUoGuHO-BCM-FWdMipJ-GN0wQtB0HgFmob5pmk5zzOIaBgkEqwCNcHroyO51ptmDGXhYtf8T7AXQfU_r7dNmxezRG69IQpIWxO=w32-h32-p-k-no | https://lh3.googleusercontent.com/gps-cs-s/AHVAweovnCWr1OYYCVoODCzLNYCay7IeF48NDFXrHtxGAVne5UPNk6ss56wbiC1mSqX1Xdn0pMflKVtOMOGD1I3j9FoADsmMBsvd7cJe4xtf5ercmGDvNHW6QJ0c1XFs3vQ149Y9mdiZ4A=w32-h32-p-k-no | https://lh3.googleusercontent.com/gps-cs-s/AHVAweoBwtlQ155Opi7t3BEMQjh99K80h1sTBLa-1Fd6sWgMp4VDl-aEZVA0KseGClmP5J46ehigzrsl3iJ-KFYPvu83mWe0tcUu1LO_AQ9jvCVF2MGAuJT_lGIz4fd6YRCklPbDNOrJ=w163-h92-k-no | https://lh3.googleusercontent.com/gps-cs-s/AHVAwer7BVi_KWtTWgXi1q7h5Ay4xYNiFvG0j7VpMufFJ7fDbcUIDwFiAxqJj6tXbAbXlXhqQJne3muFVVwc0XM0x3r4_tndY7p_ozcfGd1-Fss5GdLOypPXCd9jWQNZq-Urq9t4eF_8=w122-h92-k-no | https://lh3.googleusercontent.com/gps-cs-s/AHVAweqj6B_tlufU8RonuHntVpQyU2cH9Q6Sr7w_vej1xoAf0hHGNsJSqquWkCkUvC_AJLKtmhJtnIkCZXGRMXllOQy5LRtH6crNlzjiJezDPClkiVY5O6aqpFspMWQNOFkLFZ94USxM=w143-h92-k-no
Toasted Flats,BOS-CHT-137,42.3711266,-71.0551587,"53 Chelsea St, Boston, MA 02128, United States",02128,Boston,MA,
Bonne Chance Cafe,BOS-CHT-138,42.3642353,-71.0776003,"77 Canal St, Boston, MA 02114, United States",02114,Boston,MA,https://lh3.googleusercontent.com/gps-cs-s/AHVAweoKL3bjFozH0l53NAYE7MKgVZdGpDXhewZDnRuKZr7bZJBon8dNuq_NkuIrgTIiYMOrCSAe9U3st-CyI16-YZlhKYG2rIL5ajKDEUGLo3XteAfloEhLWkpnQCL55p3MsoVwVc4rpg=w32-h32-p-k-no | https://lh3.googleusercontent.com/gps-cs-s/AHVAweoyVK1LSHiYCJ4Sx9XXPDPeUlKHeflLctL7RpJJ5iecpx8agvUobUJ7V0CuLx8hVVGlD3D_C6LaNroE2u1H4Dc1Yj5kmZM6UFDjeiwMfjMpJhGDpBhUUY-ht-yI66HX9bh3LIbGj0MmVfHE=w32-h32-p-k-no | https://lh3.googleusercontent.com/gps-cs-s/AHVAweoBwtlQ155Opi7t3BEMQjh99K80h1sTBLa-1Fd6sWgMp4VDl-aEZVA0KseGClmP5J46ehigzrsl3iJ-KFYPvu83mWe0tcUu1LO_AQ9jvCVF2MGAuJT_lGIz4fd6YRCklPbDNOrJ=w163-h92-k-no | https://lh3.googleusercontent.com/gps-cs-s/AHVAwer7BVi_KWtTWgXi1q7h5Ay4xYNiFvG0j7VpMufFJ7fDbcUIDwFiAxqJj6tXbAbXlXhqQJne3muFVVwc0XM0x3r4_tndY7p_ozcfGd1-Fss5GdLOypPXCd9jWQNZq-Urq9t4eF_8=w122-h92-k-no | https://lh3.googleusercontent.com/gps-cs-s/AHVAweqj6B_tlufU8RonuHntVpQyU2cH9Q6Sr7w_vej1xoAf0hHGNsJSqquWkCkUvC_AJLKtmhJtnIkCZXGRMXllOQy5LRtH6crNlzjiJezDPClkiVY5O6aqpFspMWQNOFkLFZ94USxM=w143-h92-k-no
Maprang Bakery & Cafe,BOS-CHT-139,42.3741816,-71.0774225,"26 Common St, Charlestown, MA 02129, United States",02129,Boston,MA,https://lh3.googleusercontent.com/gps-cs-s/AHVAweo4m9uCl7vpjJsa-udtNC3S1sNGa8JteEE7NXoXXgYhXalBKIZ7OGGot2O6gYZLCDJUzbf4LlD5ZZeHePM-Y0hXbmWNZBJ1xNX8e4lOycygwDdk579KTXNkJ8BPDGF4oDrUpzyQMg=w32-h32-p-k-no | https://lh3.googleusercontent.com/gps-cs-s/AHVAweoKL3bjFozH0l53NAYE7MKgVZdGpDXhewZDnRuKZr7bZJBon8dNuq_NkuIrgTIiYMOrCSAe9U3st-CyI16-YZlhKYG2rIL5ajKDEUGLo3XteAfloEhLWkpnQCL55p3MsoVwVc4rpg=w32-h32-p-k-no | https://lh3.googleusercontent.com/gps-cs-s/AHVAweoBwtlQ155Opi7t3BEMQjh99K80h1sTBLa-1Fd6sWgMp4VDl-aEZVA0KseGClmP5J46ehigzrsl3iJ-KFYPvu83mWe0tcUu1LO_AQ9jvCVF2MGAuJT_lGIz4fd6YRCklPbDNOrJ=w163-h92-k-no | https://lh3.googleusercontent.com/gps-cs-s/AHVAwer7BVi_KWtTWgXi1q7h5Ay4xYNiFvG0j7VpMufFJ7fDbcUIDwFiAxqJj6tXbAbXlXhqQJne3muFVVwc0XM0x3r4_tndY7p_ozcfGd1-Fss5GdLOypPXCd9jWQNZq-Urq9t4eF_8=w122-h92-k-no | https://lh3.googleusercontent.com/gps-cs-s/AHVAweqj6B_tlufU8RonuHntVpQyU2cH9Q6Sr7w_vej1xoAf0hHGNsJSqquWkCkUvC_AJLKtmhJtnIkCZXGRMXllOQy5LRtH6crNlzjiJezDPClkiVY5O6aqpFspMWQNOFkLFZ94USxM=w143-h92-k-no
2nd Street Cafe,BOS-CHT-140,42.3685541,-71.0972674,"89 Second St #1, Cambridge, MA 02141, United States",02141,Boston,MA,https://lh3.googleusercontent.com/gps-cs-s/AHVAwer0oKbDI2RSqf8wk6XeAVq5DcHaT6Cyp2jqDLydl4-1ibGK2f80EXzR-3CcbUKrlN0WqbJ9bj1kNh59j9W_nagSiysjIRyJeCchqwNUweEwZUNwgPrlyvg6fELoF9LvgGO0BPmP=w32-h32-p-k-no | https://lh3.googleusercontent.com/gps-cs-s/AHVAweo4m9uCl7vpjJsa-udtNC3S1sNGa8JteEE7NXoXXgYhXalBKIZ7OGGot2O6gYZLCDJUzbf4LlD5ZZeHePM-Y0hXbmWNZBJ1xNX8e4lOycygwDdk579KTXNkJ8BPDGF4oDrUpzyQMg=w32-h32-p-k-no | https://lh3.googleusercontent.com/gps-cs-s/AHVAweoBwtlQ155Opi7t3BEMQjh99K80h1sTBLa-1Fd6sWgMp4VDl-aEZVA0KseGClmP5J46ehigzrsl3iJ-KFYPvu83mWe0tcUu1LO_AQ9jvCVF2MGAuJT_lGIz4fd6YRCklPbDNOrJ=w163-h92-k-no | https://lh3.googleusercontent.com/gps-cs-s/AHVAwer7BVi_KWtTWgXi1q7h5Ay4xYNiFvG0j7VpMufFJ7fDbcUIDwFiAxqJj6tXbAbXlXhqQJne3muFVVwc0XM0x3r4_tndY7p_ozcfGd1-Fss5GdLOypPXCd9jWQNZq-Urq9t4eF_8=w122-h92-k-no | https://lh3.googleusercontent.com/gps-cs-s/AHVAweqj6B_tlufU8RonuHntVpQyU2cH9Q6Sr7w_vej1xoAf0hHGNsJSqquWkCkUvC_AJLKtmhJtnIkCZXGRMXllOQy5LRtH6crNlzjiJezDPClkiVY5O6aqpFspMWQNOFkLFZ94USxM=w143-h92-k-no
Convenience 365 Market & Deli,BOS-CHT-141,42.3811261,-71.0797447,"275 Medford St, Charlestown, MA 02129, United States",02129,Boston,MA,https://lh3.googleusercontent.com/gps-cs-s/AHVAwerayAIerjdAR2crFc1k_gzGqu01_hkeHhBDrzWdnrAGFVX1xhgbliWdVzPNm_pdJ1hFScL3omhr8S-7IiGeUD4b4ziQYDz4P8nb5rX1Nb_qkLTxz1Gb6A3lXBDC09HT0ZPMtBRs=w32-h32-p-k-no | https://lh3.googleusercontent.com/gps-cs-s/AHVAwer0oKbDI2RSqf8wk6XeAVq5DcHaT6Cyp2jqDLydl4-1ibGK2f80EXzR-3CcbUKrlN0WqbJ9bj1kNh59j9W_nagSiysjIRyJeCchqwNUweEwZUNwgPrlyvg6fELoF9LvgGO0BPmP=w32-h32-p-k-no | https://lh3.googleusercontent.com/gps-cs-s/AHVAweoBwtlQ155Opi7t3BEMQjh99K80h1sTBLa-1Fd6sWgMp4VDl-aEZVA0KseGClmP5J46ehigzrsl3iJ-KFYPvu83mWe0tcUu1LO_AQ9jvCVF2MGAuJT_lGIz4fd6YRCklPbDNOrJ=w163-h92-k-no | https://lh3.googleusercontent.com/gps-cs-s/AHVAwer7BVi_KWtTWgXi1q7h5Ay4xYNiFvG0j7VpMufFJ7fDbcUIDwFiAxqJj6tXbAbXlXhqQJne3muFVVwc0XM0x3r4_tndY7p_ozcfGd1-Fss5GdLOypPXCd9jWQNZq-Urq9t4eF_8=w122-h92-k-no | https://lh3.googleusercontent.com/gps-cs-s/AHVAweqj6B_tlufU8RonuHntVpQyU2cH9Q6Sr7w_vej1xoAf0hHGNsJSqquWkCkUvC_AJLKtmhJtnIkCZXGRMXllOQy5LRtH6crNlzjiJezDPClkiVY5O6aqpFspMWQNOFkLFZ94USxM=w143-h92-k-no
Michette,BOS-CHT-142,42.3884324,-71.1038695,"164 Broadway, Somerville, MA 02145, United States",02145,Boston,MA,https://lh3.googleusercontent.com/gps-cs-s/AHVAweqHm8JGsJQQyowsNe462oPO0ZNRqP9jhOsyA-QJriF1lb4yYspDriVjQwdyYZTCL3qvO4MmsskZF1mvOf5sZzwPqyGENQXn1AnObc3FbXL2-U5BgNlBMlKOyPc7hE-CvpohYXE=w32-h32-p-k-no | https://lh3.googleusercontent.com/gps-cs-s/AHVAwerayAIerjdAR2crFc1k_gzGqu01_hkeHhBDrzWdnrAGFVX1xhgbliWdVzPNm_pdJ1hFScL3omhr8S-7IiGeUD4b4ziQYDz4P8nb5rX1Nb_qkLTxz1Gb6A3lXBDC09HT0ZPMtBRs=w32-h32-p-k-no | https://lh3.googleusercontent.com/gps-cs-s/AHVAweoBwtlQ155Opi7t3BEMQjh99K80h1sTBLa-1Fd6sWgMp4VDl-aEZVA0KseGClmP5J46ehigzrsl3iJ-KFYPvu83mWe0tcUu1LO_AQ9jvCVF2MGAuJT_lGIz4fd6YRCklPbDNOrJ=w163-h92-k-no | https://lh3.googleusercontent.com/gps-cs-s/AHVAwer7BVi_KWtTWgXi1q7h5Ay4xYNiFvG0j7VpMufFJ7fDbcUIDwFiAxqJj6tXbAbXlXhqQJne3muFVVwc0XM0x3r4_tndY7p_ozcfGd1-Fss5GdLOypPXCd9jWQNZq-Urq9t4eF_8=w122-h92-k-no | https://lh3.googleusercontent.com/gps-cs-s/AHVAweqj6B_tlufU8RonuHntVpQyU2cH9Q6Sr7w_vej1xoAf0hHGNsJSqquWkCkUvC_AJLKtmhJtnIkCZXGRMXllOQy5LRtH6crNlzjiJezDPClkiVY5O6aqpFspMWQNOFkLFZ94USxM=w143-h92-k-no
Charlestown Coffee,BOS-CHT-143,42.3835512,-71.0924541,"32 Cambridge St, Charlestown, MA 02129, United States",02129,Boston,MA,https://lh3.googleusercontent.com/gps-cs-s/AHVAweoElTK4vtHLTvgQ3ENo2M-reHVjzjGNA2gkCsA2mWUGQ0B8usRukHJEcwGV-iBjNq-vCqZu79OPQHOsKrKNXAOSCzTYt5r_gO2Sml4GakfvBZXSAMt7W52S6_buQU51jf0x_VYoeyb9TRg=w32-h32-p-k-no | https://lh3.googleusercontent.com/gps-cs-s/AHVAweqHm8JGsJQQyowsNe462oPO0ZNRqP9jhOsyA-QJriF1lb4yYspDriVjQwdyYZTCL3qvO4MmsskZF1mvOf5sZzwPqyGENQXn1AnObc3FbXL2-U5BgNlBMlKOyPc7hE-CvpohYXE=w32-h32-p-k-no | https://lh3.googleusercontent.com/gps-cs-s/AHVAweoBwtlQ155Opi7t3BEMQjh99K80h1sTBLa-1Fd6sWgMp4VDl-aEZVA0KseGClmP5J46ehigzrsl3iJ-KFYPvu83mWe0tcUu1LO_AQ9jvCVF2MGAuJT_lGIz4fd6YRCklPbDNOrJ=w163-h92-k-no | https://lh3.googleusercontent.com/gps-cs-s/AHVAwer7BVi_KWtTWgXi1q7h5Ay4xYNiFvG0j7VpMufFJ7fDbcUIDwFiAxqJj6tXbAbXlXhqQJne3muFVVwc0XM0x3r4_tndY7p_ozcfGd1-Fss5GdLOypPXCd9jWQNZq-Urq9t4eF_8=w122-h92-k-no | https://lh3.googleusercontent.com/gps-cs-s/AHVAweqj6B_tlufU8RonuHntVpQyU2cH9Q6Sr7w_vej1xoAf0hHGNsJSqquWkCkUvC_AJLKtmhJtnIkCZXGRMXllOQy5LRtH6crNlzjiJezDPClkiVY5O6aqpFspMWQNOFkLFZ94USxM=w143-h92-k-no
Gracenote Coffee Boston,BOS-CHT-144,42.351508,-71.0941109,"108 Lincoln St, Boston, MA 02111, United States",02111,Boston,MA,https://lh3.googleusercontent.com/gps-cs-s/AHVAwepqW7lPijKQo1wR2MwxRFeA0IM6qzUTQXYkyGL_WpiHtgnuPkQIzW9wP0qJVSW8IK1d7SkFLI6pqd6-mrg7E_UnuRIqdIsXO1KnvfB24e1VaA6QyFRt37QzlledH2anYsi9ZHuz=w163-h92-k-no | https://lh3.googleusercontent.com/gps-proxy/ALd4DhHHE4SeJP-wD5GD031hvVVvvyxJ3Xwh-RL3IC6PibWIk5o9UP0ulFjKQZyKbYetODPGTgNkCxlwBd0HMwPIDK7LsIrtEM1WSejnp2fQ2N9TQ0Od-DQE5fiQkrwpXPYKCP9uNGLaYctYQlKyW25ns6fa6wyyrfEyYl8va6u1zfWhFZE22aYRecRQ=w92-h92-k-no | https://lh3.googleusercontent.com/gps-cs-s/AHVAwepY__rcxHAxzkPJvyXbwU6CBdt0FKqdNvwJXmoAuSy5UEZ1janbCKirz6jgBinxvrc3ZI4GaIOIxh2xSZPfva3VPvnHykEqCjQU0P_FyQH4gUmaS0aFOtwndomLtznlVXyHS44=w80-h120-k-no | https://lh3.googleusercontent.com/gps-cs-s/AHVAwepEFezUVD0wkYMBZZptWvy8m9rS7Tt3wXhRQ-yC9d3FP840IHW_l_1GctW9cC_ruqxWkj7FABaK98SjzQ03lfEbVeNMKf7Pft8bMNF5_SrpbLBHfy34ZG1XZw1-N2n-DOjRlDqxdELdu2w=w122-h92-k-no | https://lh3.googleusercontent.com/gps-proxy/ALd4DhEqW2lH4PfU1voeoN-IQ1QCzvFoljorp5aN2cNmVKJWnwk_2gw67ie1NZ-z4PVE0xfzYMFC_0FZ1NLGgmbP_8IVt-zAOiiVt7b6CkLvSYAKh5g36biQWdR4qquVO3rMxy201k1QQwFZ9MoAkh4lRGWzDxasDJVeYdIbabJUKAjntRST6HvRF3aB=w146-h92-k-no
BON! Specialty Coffee,BOS-CHT-145,42.351508,-71.0941109,"22 Beacon St, Boston, MA 02108, United States",02108,Boston,MA,https://lh3.googleusercontent.com/gps-cs-s/AHVAweo_IxfXSlSywWh1Z8JsCbii2ziYvcQz15LpZgujbzTBZDx6YsD_sT2b4vzuy6s8htRV0yBSBjoT474cEZXj1_qsh7N3T3oLTs5bUL1wa7ndWFKP-j9F-SeA8qK0HLSLTz3bbOai6w=w32-h32-p-k-no | https://lh3.googleusercontent.com/gps-cs-s/AHVAwerzwt-i1HL7TMrXLBo7DYZNjD-F1Y9K3SIyQUSK8PR-n0jll1Sj2kbjKRp1EIccX6zl8E9kgfxj9x6kJa_FPT12uwxSdkk7X_qyXHRjWzFyEgln85lXFF4Qka9SHHSORwSEyJwY=w32-h32-p-k-no | https://lh3.googleusercontent.com/gps-cs-s/AHVAwepqW7lPijKQo1wR2MwxRFeA0IM6qzUTQXYkyGL_WpiHtgnuPkQIzW9wP0qJVSW8IK1d7SkFLI6pqd6-mrg7E_UnuRIqdIsXO1KnvfB24e1VaA6QyFRt37QzlledH2anYsi9ZHuz=w163-h92-k-no | https://lh3.googleusercontent.com/gps-proxy/ALd4DhHHE4SeJP-wD5GD031hvVVvvyxJ3Xwh-RL3IC6PibWIk5o9UP0ulFjKQZyKbYetODPGTgNkCxlwBd0HMwPIDK7LsIrtEM1WSejnp2fQ2N9TQ0Od-DQE5fiQkrwpXPYKCP9uNGLaYctYQlKyW25ns6fa6wyyrfEyYl8va6u1zfWhFZE22aYRecRQ=w92-h92-k-no | https://lh3.googleusercontent.com/gps-cs-s/AHVAwepY__rcxHAxzkPJvyXbwU6CBdt0FKqdNvwJXmoAuSy5UEZ1janbCKirz6jgBinxvrc3ZI4GaIOIxh2xSZPfva3VPvnHykEqCjQU0P_FyQH4gUmaS0aFOtwndomLtznlVXyHS44=w80-h120-k-no
Urban Wild Boston,BOS-CHT-146,42.3794259,-71.1096634,"100 Hood Park Dr, Boston, MA 02129, United States",02129,Boston,MA,https://lh3.googleusercontent.com/gps-cs-s/AHVAweoXgwMxHLKeXYSR2gM7s3IYjGjhJyrNWRmqQdxpIGqnrDkC3JfuK3ermdiyiTTRxNAD_gKhIgy9ZjBisc0bDDQR_NDd3hq2cHxjrrahRYcse53i3zU8GYeq-g9pLfDi2gfQFojYLVtd_Kg=w32-h32-p-k-no | https://lh3.googleusercontent.com/gps-cs-s/AHVAweo_IxfXSlSywWh1Z8JsCbii2ziYvcQz15LpZgujbzTBZDx6YsD_sT2b4vzuy6s8htRV0yBSBjoT474cEZXj1_qsh7N3T3oLTs5bUL1wa7ndWFKP-j9F-SeA8qK0HLSLTz3bbOai6w=w32-h32-p-k-no | https://lh3.googleusercontent.com/gps-cs-s/AHVAwepqW7lPijKQo1wR2MwxRFeA0IM6qzUTQXYkyGL_WpiHtgnuPkQIzW9wP0qJVSW8IK1d7SkFLI6pqd6-mrg7E_UnuRIqdIsXO1KnvfB24e1VaA6QyFRt37QzlledH2anYsi9ZHuz=w163-h92-k-no | https://lh3.googleusercontent.com/gps-proxy/ALd4DhHHE4SeJP-wD5GD031hvVVvvyxJ3Xwh-RL3IC6PibWIk5o9UP0ulFjKQZyKbYetODPGTgNkCxlwBd0HMwPIDK7LsIrtEM1WSejnp2fQ2N9TQ0Od-DQE5fiQkrwpXPYKCP9uNGLaYctYQlKyW25ns6fa6wyyrfEyYl8va6u1zfWhFZE22aYRecRQ=w92-h92-k-no | https://lh3.googleusercontent.com/gps-cs-s/AHVAwepY__rcxHAxzkPJvyXbwU6CBdt0FKqdNvwJXmoAuSy5UEZ1janbCKirz6jgBinxvrc3ZI4GaIOIxh2xSZPfva3VPvnHykEqCjQU0P_FyQH4gUmaS0aFOtwndomLtznlVXyHS44=w80-h120-k-no
Bakey,BOS-CHT-147,42.3544996,-71.0994291,"151 Tremont St, Boston, MA 02111, United States",02111,Boston,MA,https://lh3.googleusercontent.com/gps-cs-s/AHVAweow6ssKwBSjrsysbVEh7KWFHM6rovw40iK4v9GFgsEXPaOCDQZpFZZqA6foScpGxJmJgJSpxx5WfhAFXAKnaLxZcA0XJa70BY04leqZ-nyd2yZuWneRFLU-dJ8CrQ9UshEK2xhV=w32-h32-p-k-no | https://lh3.googleusercontent.com/gps-cs-s/AHVAweoXgwMxHLKeXYSR2gM7s3IYjGjhJyrNWRmqQdxpIGqnrDkC3JfuK3ermdiyiTTRxNAD_gKhIgy9ZjBisc0bDDQR_NDd3hq2cHxjrrahRYcse53i3zU8GYeq-g9pLfDi2gfQFojYLVtd_Kg=w32-h32-p-k-no | https://lh3.googleusercontent.com/gps-cs-s/AHVAwepqW7lPijKQo1wR2MwxRFeA0IM6qzUTQXYkyGL_WpiHtgnuPkQIzW9wP0qJVSW8IK1d7SkFLI6pqd6-mrg7E_UnuRIqdIsXO1KnvfB24e1VaA6QyFRt37QzlledH2anYsi9ZHuz=w163-h92-k-no | https://lh3.googleusercontent.com/gps-proxy/ALd4DhHHE4SeJP-wD5GD031hvVVvvyxJ3Xwh-RL3IC6PibWIk5o9UP0ulFjKQZyKbYetODPGTgNkCxlwBd0HMwPIDK7LsIrtEM1WSejnp2fQ2N9TQ0Od-DQE5fiQkrwpXPYKCP9uNGLaYctYQlKyW25ns6fa6wyyrfEyYl8va6u1zfWhFZE22aYRecRQ=w92-h92-k-no | https://lh3.googleusercontent.com/gps-cs-s/AHVAwepY__rcxHAxzkPJvyXbwU6CBdt0FKqdNvwJXmoAuSy5UEZ1janbCKirz6jgBinxvrc3ZI4GaIOIxh2xSZPfva3VPvnHykEqCjQU0P_FyQH4gUmaS0aFOtwndomLtznlVXyHS44=w80-h120-k-no
Little Wolf Coffee,BOS-CHT-148,42.3544996,-71.0994291,"51 Sleeper St, Boston, MA 02210, United States",02210,Boston,MA,https://lh3.googleusercontent.com/gps-proxy/ALd4DhFxuZNAU7g7MweF3Sd5McrZa7Pcyn65C-XKwKOWocQYfnCtuZT7yhu1Z6G-EF8YGuMaLkdPLWIBfcnjqxR8TaiV7K-GWmm9pqTjwnUdvTO4YY6Ih0rqgrA5eQEZyadydkYT5TMWamlXbszXO0VnlDGUM6A-HOWIUe12u0Tx_swmHN_63bpRLXQ=w32-h32-p-k-no | https://lh3.googleusercontent.com/gps-cs-s/AHVAweow6ssKwBSjrsysbVEh7KWFHM6rovw40iK4v9GFgsEXPaOCDQZpFZZqA6foScpGxJmJgJSpxx5WfhAFXAKnaLxZcA0XJa70BY04leqZ-nyd2yZuWneRFLU-dJ8CrQ9UshEK2xhV=w32-h32-p-k-no | https://lh3.googleusercontent.com/gps-cs-s/AHVAwepqW7lPijKQo1wR2MwxRFeA0IM6qzUTQXYkyGL_WpiHtgnuPkQIzW9wP0qJVSW8IK1d7SkFLI6pqd6-mrg7E_UnuRIqdIsXO1KnvfB24e1VaA6QyFRt37QzlledH2anYsi9ZHuz=w163-h92-k-no | https://lh3.googleusercontent.com/gps-proxy/ALd4DhHHE4SeJP-wD5GD031hvVVvvyxJ3Xwh-RL3IC6PibWIk5o9UP0ulFjKQZyKbYetODPGTgNkCxlwBd0HMwPIDK7LsIrtEM1WSejnp2fQ2N9TQ0Od-DQE5fiQkrwpXPYKCP9uNGLaYctYQlKyW25ns6fa6wyyrfEyYl8va6u1zfWhFZE22aYRecRQ=w92-h92-k-no | https://lh3.googleusercontent.com/gps-cs-s/AHVAwepY__rcxHAxzkPJvyXbwU6CBdt0FKqdNvwJXmoAuSy5UEZ1janbCKirz6jgBinxvrc3ZI4GaIOIxh2xSZPfva3VPvnHykEqCjQU0P_FyQH4gUmaS0aFOtwndomLtznlVXyHS44=w80-h120-k-no
Central Perk Coffee Co,BOS-CHT-149,42.3544996,-71.0994291,"282 Congress St, Boston, MA 02210, United States",02210,Boston,MA,https://lh3.googleusercontent.com/gps-cs-s/AHVAweqblWs8_jwoDSu8uDWl491x-wTeDZo5XG5Z9sEf3_oXaoEWaYQMlPhiHV7b4fg25T9vVsenyC4xcPGH3PwqBVCcJgTiyYriAeQRGlAuB3u7ngCTIBFlEMeGUKZrb9b7xAo7a2Q149xFDjT5=w32-h32-p-k-no | https://lh3.googleusercontent.com/gps-proxy/ALd4DhFxuZNAU7g7MweF3Sd5McrZa7Pcyn65C-XKwKOWocQYfnCtuZT7yhu1Z6G-EF8YGuMaLkdPLWIBfcnjqxR8TaiV7K-GWmm9pqTjwnUdvTO4YY6Ih0rqgrA5eQEZyadydkYT5TMWamlXbszXO0VnlDGUM6A-HOWIUe12u0Tx_swmHN_63bpRLXQ=w32-h32-p-k-no | https://lh3.googleusercontent.com/gps-cs-s/AHVAwepqW7lPijKQo1wR2MwxRFeA0IM6qzUTQXYkyGL_WpiHtgnuPkQIzW9wP0qJVSW8IK1d7SkFLI6pqd6-mrg7E_UnuRIqdIsXO1KnvfB24e1VaA6QyFRt37QzlledH2anYsi9ZHuz=w163-h92-k-no | https://lh3.googleusercontent.com/gps-proxy/ALd4DhHHE4SeJP-wD5GD031hvVVvvyxJ3Xwh-RL3IC6PibWIk5o9UP0ulFjKQZyKbYetODPGTgNkCxlwBd0HMwPIDK7LsIrtEM1WSejnp2fQ2N9TQ0Od-DQE5fiQkrwpXPYKCP9uNGLaYctYQlKyW25ns6fa6wyyrfEyYl8va6u1zfWhFZE22aYRecRQ=w92-h92-k-no | https://lh3.googleusercontent.com/gps-cs-s/AHVAwepY__rcxHAxzkPJvyXbwU6CBdt0FKqdNvwJXmoAuSy5UEZ1janbCKirz6jgBinxvrc3ZI4GaIOIxh2xSZPfva3VPvnHykEqCjQU0P_FyQH4gUmaS0aFOtwndomLtznlVXyHS44=w80-h120-k-no
Cafe Amalfi,BOS-CHT-150,42.3544996,-71.0994291,"5 Battery Wharf, Boston, MA 02109, United States",02109,Boston,MA,https://lh3.googleusercontent.com/gps-cs-s/AHVAweqneFu43zMENEUB486_dgCLZ_v4vaeyTLqtKjQ7uXhPNPg2wu9JUMsy67jBfpe1pzV1mbxFMJnqQvcMYZh7R1WO_4z8pPaGKScN3wnZPsHoopVfeiCgSsP28h-uU--CBuyAm8Ks=w32-h32-p-k-no | https://lh3.googleusercontent.com/gps-cs-s/AHVAweqblWs8_jwoDSu8uDWl491x-wTeDZo5XG5Z9sEf3_oXaoEWaYQMlPhiHV7b4fg25T9vVsenyC4xcPGH3PwqBVCcJgTiyYriAeQRGlAuB3u7ngCTIBFlEMeGUKZrb9b7xAo7a2Q149xFDjT5=w32-h32-p-k-no | https://lh3.googleusercontent.com/gps-cs-s/AHVAwepqW7lPijKQo1wR2MwxRFeA0IM6qzUTQXYkyGL_WpiHtgnuPkQIzW9wP0qJVSW8IK1d7SkFLI6pqd6-mrg7E_UnuRIqdIsXO1KnvfB24e1VaA6QyFRt37QzlledH2anYsi9ZHuz=w163-h92-k-no | https://lh3.googleusercontent.com/gps-proxy/ALd4DhHHE4SeJP-wD5GD031hvVVvvyxJ3Xwh-RL3IC6PibWIk5o9UP0ulFjKQZyKbYetODPGTgNkCxlwBd0HMwPIDK7LsIrtEM1WSejnp2fQ2N9TQ0Od-DQE5fiQkrwpXPYKCP9uNGLaYctYQlKyW25ns6fa6wyyrfEyYl8va6u1zfWhFZE22aYRecRQ=w92-h92-k-no | https://lh3.googleusercontent.com/gps-cs-s/AHVAwepY__rcxHAxzkPJvyXbwU6CBdt0FKqdNvwJXmoAuSy5UEZ1janbCKirz6jgBinxvrc3ZI4GaIOIxh2xSZPfva3VPvnHykEqCjQU0P_FyQH4gUmaS0aFOtwndomLtznlVXyHS44=w80-h120-k-no
Cocorico,BOS-CHT-151,42.3544996,-71.0994291,"450 Summer St, Boston, MA 02210, United States",02210,Boston,MA,https://lh3.googleusercontent.com/gps-cs-s/AHVAwer_Ve4z21W0v6pvr5qts8S46PG_M-VrFUUxcr-LKaa3Oiew01w4PMTLhRryQVkN894vaAE9p6acPuZ7OdENeSLZnu_ywlHYAZJLpjbPxtFMrXAM0XEELKFPhmV6xRhj6PjJymlfnw=w32-h32-p-k-no | https://lh3.googleusercontent.com/gps-cs-s/AHVAweqneFu43zMENEUB486_dgCLZ_v4vaeyTLqtKjQ7uXhPNPg2wu9JUMsy67jBfpe1pzV1mbxFMJnqQvcMYZh7R1WO_4z8pPaGKScN3wnZPsHoopVfeiCgSsP28h-uU--CBuyAm8Ks=w32-h32-p-k-no | https://lh3.googleusercontent.com/gps-cs-s/AHVAwepqW7lPijKQo1wR2MwxRFeA0IM6qzUTQXYkyGL_WpiHtgnuPkQIzW9wP0qJVSW8IK1d7SkFLI6pqd6-mrg7E_UnuRIqdIsXO1KnvfB24e1VaA6QyFRt37QzlledH2anYsi9ZHuz=w163-h92-k-no | https://lh3.googleusercontent.com/gps-proxy/ALd4DhHHE4SeJP-wD5GD031hvVVvvyxJ3Xwh-RL3IC6PibWIk5o9UP0ulFjKQZyKbYetODPGTgNkCxlwBd0HMwPIDK7LsIrtEM1WSejnp2fQ2N9TQ0Od-DQE5fiQkrwpXPYKCP9uNGLaYctYQlKyW25ns6fa6wyyrfEyYl8va6u1zfWhFZE22aYRecRQ=w92-h92-k-no | https://lh3.googleusercontent.com/gps-cs-s/AHVAwepY__rcxHAxzkPJvyXbwU6CBdt0FKqdNvwJXmoAuSy5UEZ1janbCKirz6jgBinxvrc3ZI4GaIOIxh2xSZPfva3VPvnHykEqCjQU0P_FyQH4gUmaS0aFOtwndomLtznlVXyHS44=w80-h120-k-no
Tatte Bakery & Cafe | Pier 4,BOS-CHT-152,42.3544996,-71.0994291,"57 Traveler St, Boston, MA 02118, United States",02118,Boston,MA,https://lh3.googleusercontent.com/gps-cs-s/AHVAweogOAcD-VSJ6Kgxn4Nf_Y-aQ_hjwh4wejKB2idTX8zCH3uXsf9FVhKLKOz8lzgYyQOZDsIvuuKv8hUlOi9pbCW5lK668yPRpJaZKX3c7WFKUoBIaVy-QjBg8f2RdV32yMfDCtg=w32-h32-p-k-no | https://lh3.googleusercontent.com/gps-cs-s/AHVAwer_Ve4z21W0v6pvr5qts8S46PG_M-VrFUUxcr-LKaa3Oiew01w4PMTLhRryQVkN894vaAE9p6acPuZ7OdENeSLZnu_ywlHYAZJLpjbPxtFMrXAM0XEELKFPhmV6xRhj6PjJymlfnw=w32-h32-p-k-no | https://lh3.googleusercontent.com/gps-cs-s/AHVAwepqW7lPijKQo1wR2MwxRFeA0IM6qzUTQXYkyGL_WpiHtgnuPkQIzW9wP0qJVSW8IK1d7SkFLI6pqd6-mrg7E_UnuRIqdIsXO1KnvfB24e1VaA6QyFRt37QzlledH2anYsi9ZHuz=w163-h92-k-no | https://lh3.googleusercontent.com/gps-proxy/ALd4DhHHE4SeJP-wD5GD031hvVVvvyxJ3Xwh-RL3IC6PibWIk5o9UP0ulFjKQZyKbYetODPGTgNkCxlwBd0HMwPIDK7LsIrtEM1WSejnp2fQ2N9TQ0Od-DQE5fiQkrwpXPYKCP9uNGLaYctYQlKyW25ns6fa6wyyrfEyYl8va6u1zfWhFZE22aYRecRQ=w92-h92-k-no | https://lh3.googleusercontent.com/gps-cs-s/AHVAwepY__rcxHAxzkPJvyXbwU6CBdt0FKqdNvwJXmoAuSy5UEZ1janbCKirz6jgBinxvrc3ZI4GaIOIxh2xSZPfva3VPvnHykEqCjQU0P_FyQH4gUmaS0aFOtwndomLtznlVXyHS44=w80-h120-k-no
Lily’s COFFEE & CAFÉ,BOS-CHT-153,42.3544996,-71.0994291,"661 Tremont St, Boston, MA 02118, United States",02118,Boston,MA,https://lh3.googleusercontent.com/gps-cs-s/AHVAweqbMktNefq61lnZE8FImnDtWmTAz2NikhLe_XVH2SzqYH7h9LWyUaLELZbD0WUQtzlyWNdQ0rYaXGTPadfzQ7Hb2XyYju5DmmCrspJxZpaUkCWpZ2bIce6ffsCEhiXotA8vEpFk=w32-h32-p-k-no | https://lh3.googleusercontent.com/gps-cs-s/AHVAweogOAcD-VSJ6Kgxn4Nf_Y-aQ_hjwh4wejKB2idTX8zCH3uXsf9FVhKLKOz8lzgYyQOZDsIvuuKv8hUlOi9pbCW5lK668yPRpJaZKX3c7WFKUoBIaVy-QjBg8f2RdV32yMfDCtg=w32-h32-p-k-no | https://lh3.googleusercontent.com/gps-cs-s/AHVAwepqW7lPijKQo1wR2MwxRFeA0IM6qzUTQXYkyGL_WpiHtgnuPkQIzW9wP0qJVSW8IK1d7SkFLI6pqd6-mrg7E_UnuRIqdIsXO1KnvfB24e1VaA6QyFRt37QzlledH2anYsi9ZHuz=w163-h92-k-no | https://lh3.googleusercontent.com/gps-proxy/ALd4DhHHE4SeJP-wD5GD031hvVVvvyxJ3Xwh-RL3IC6PibWIk5o9UP0ulFjKQZyKbYetODPGTgNkCxlwBd0HMwPIDK7LsIrtEM1WSejnp2fQ2N9TQ0Od-DQE5fiQkrwpXPYKCP9uNGLaYctYQlKyW25ns6fa6wyyrfEyYl8va6u1zfWhFZE22aYRecRQ=w92-h92-k-no | https://lh3.googleusercontent.com/gps-cs-s/AHVAwepY__rcxHAxzkPJvyXbwU6CBdt0FKqdNvwJXmoAuSy5UEZ1janbCKirz6jgBinxvrc3ZI4GaIOIxh2xSZPfva3VPvnHykEqCjQU0P_FyQH4gUmaS0aFOtwndomLtznlVXyHS44=w80-h120-k-no
Travelmug Cafe,BOS-CHT-154,42.3544996,-71.0994291,"99 Kneeland St, Boston, MA 02111, United States",02111,Boston,MA,https://lh3.googleusercontent.com/gps-cs-s/AHVAwepVm08zmPlR75QV4rM22-n3TWTiYlnNvLab5iR4GL1FxuqaGzquATKdOzU_dol95Dbe-MsrO_jUGA33Kd9L_zOxhRPyb_GoKIw2UpNgkvpv5g04bYb2IkHLRY_nCPlvX5mnoo1MuNwRAKuQ=w32-h32-p-k-no | https://lh3.googleusercontent.com/gps-cs-s/AHVAweoFAMNJseo1RdoJXXRigniUVcUu4igCNiODVnIG0gs5iKil8P4bdTHBEzEzZxRShTS0cVqOPDoA5aWPmWbt2eerWPBJ8jFDyNO_XlESypM-L1ZcFWqeGk3xyNhi_frB0YsB2pGW=w32-h32-p-k-no | https://lh3.googleusercontent.com/gps-cs-s/AHVAwepqW7lPijKQo1wR2MwxRFeA0IM6qzUTQXYkyGL_WpiHtgnuPkQIzW9wP0qJVSW8IK1d7SkFLI6pqd6-mrg7E_UnuRIqdIsXO1KnvfB24e1VaA6QyFRt37QzlledH2anYsi9ZHuz=w163-h92-k-no | https://lh3.googleusercontent.com/gps-proxy/ALd4DhHHE4SeJP-wD5GD031hvVVvvyxJ3Xwh-RL3IC6PibWIk5o9UP0ulFjKQZyKbYetODPGTgNkCxlwBd0HMwPIDK7LsIrtEM1WSejnp2fQ2N9TQ0Od-DQE5fiQkrwpXPYKCP9uNGLaYctYQlKyW25ns6fa6wyyrfEyYl8va6u1zfWhFZE22aYRecRQ=w92-h92-k-no | https://lh3.googleusercontent.com/gps-cs-s/AHVAwepY__rcxHAxzkPJvyXbwU6CBdt0FKqdNvwJXmoAuSy5UEZ1janbCKirz6jgBinxvrc3ZI4GaIOIxh2xSZPfva3VPvnHykEqCjQU0P_FyQH4gUmaS0aFOtwndomLtznlVXyHS44=w80-h120-k-no
Blue Bottle Coffee,BOS-CHT-155,42.3544996,-71.0994291,"0 Post Office Square, Boston, MA 02110, United States",02110,Boston,MA,https://lh3.googleusercontent.com/gps-cs-s/AHVAweqJOXCImKmFGsGNzn3F-GQVkDzv3gFNac3i_QsXyOORVK-svsfecooAlNF0Y_cyN2v0lWPYc-GJ5pcoK1HJpa-qQ59J_Ujta9eU9SyKpQtJ6f8mq5r9MhIAz0YOf5qrh2PTCuA=w32-h32-p-k-no | https://lh3.googleusercontent.com/gps-cs-s/AHVAwepVm08zmPlR75QV4rM22-n3TWTiYlnNvLab5iR4GL1FxuqaGzquATKdOzU_dol95Dbe-MsrO_jUGA33Kd9L_zOxhRPyb_GoKIw2UpNgkvpv5g04bYb2IkHLRY_nCPlvX5mnoo1MuNwRAKuQ=w32-h32-p-k-no | https://lh3.googleusercontent.com/gps-cs-s/AHVAwepqW7lPijKQo1wR2MwxRFeA0IM6qzUTQXYkyGL_WpiHtgnuPkQIzW9wP0qJVSW8IK1d7SkFLI6pqd6-mrg7E_UnuRIqdIsXO1KnvfB24e1VaA6QyFRt37QzlledH2anYsi9ZHuz=w163-h92-k-no | https://lh3.googleusercontent.com/gps-proxy/ALd4DhHHE4SeJP-wD5GD031hvVVvvyxJ3Xwh-RL3IC6PibWIk5o9UP0ulFjKQZyKbYetODPGTgNkCxlwBd0HMwPIDK7LsIrtEM1WSejnp2fQ2N9TQ0Od-DQE5fiQkrwpXPYKCP9uNGLaYctYQlKyW25ns6fa6wyyrfEyYl8va6u1zfWhFZE22aYRecRQ=w92-h92-k-no | https://lh3.googleusercontent.com/gps-cs-s/AHVAwepY__rcxHAxzkPJvyXbwU6CBdt0FKqdNvwJXmoAuSy5UEZ1janbCKirz6jgBinxvrc3ZI4GaIOIxh2xSZPfva3VPvnHykEqCjQU0P_FyQH4gUmaS0aFOtwndomLtznlVXyHS44=w80-h120-k-no
Tatte Bakery & Cafe | Harvard Square,BOS-CHT-156,42.3718881,-71.0749241,"65 Meridian St, East Boston, MA 02128, United States",02128,Boston,MA,https://lh3.googleusercontent.com/gps-cs-s/AHVAweoJgnVtY0E8CsuTtI0ohf8qXjwjX5g_08y8TlRGhGQdWJsGpvF57XjuW6NDz4UEIQWGHP7aLUmN82CXZ8-_xqdVkL5CT7eNiMSOL-WJxUidP0BB9ZDHQAY3PI7nOy6XzkXCP-V7fQ=w32-h32-p-k-no | https://lh3.googleusercontent.com/gps-cs-s/AHVAweqJOXCImKmFGsGNzn3F-GQVkDzv3gFNac3i_QsXyOORVK-svsfecooAlNF0Y_cyN2v0lWPYc-GJ5pcoK1HJpa-qQ59J_Ujta9eU9SyKpQtJ6f8mq5r9MhIAz0YOf5qrh2PTCuA=w32-h32-p-k-no | https://lh3.googleusercontent.com/gps-cs-s/AHVAwepqW7lPijKQo1wR2MwxRFeA0IM6qzUTQXYkyGL_WpiHtgnuPkQIzW9wP0qJVSW8IK1d7SkFLI6pqd6-mrg7E_UnuRIqdIsXO1KnvfB24e1VaA6QyFRt37QzlledH2anYsi9ZHuz=w163-h92-k-no | https://lh3.googleusercontent.com/gps-proxy/ALd4DhHHE4SeJP-wD5GD031hvVVvvyxJ3Xwh-RL3IC6PibWIk5o9UP0ulFjKQZyKbYetODPGTgNkCxlwBd0HMwPIDK7LsIrtEM1WSejnp2fQ2N9TQ0Od-DQE5fiQkrwpXPYKCP9uNGLaYctYQlKyW25ns6fa6wyyrfEyYl8va6u1zfWhFZE22aYRecRQ=w92-h92-k-no | https://lh3.googleusercontent.com/gps-cs-s/AHVAwepY__rcxHAxzkPJvyXbwU6CBdt0FKqdNvwJXmoAuSy5UEZ1janbCKirz6jgBinxvrc3ZI4GaIOIxh2xSZPfva3VPvnHykEqCjQU0P_FyQH4gUmaS0aFOtwndomLtznlVXyHS44=w80-h120-k-no
Monument Charlestown Restaurant & Tavern,BOS-CHT-157,42.3768973,-71.0840599,"251 Main St, Charlestown, MA 02129, United States",02129,Boston,MA,https://lh3.googleusercontent.com/gps-cs-s/AHVAwer7BVi_KWtTWgXi1q7h5Ay4xYNiFvG0j7VpMufFJ7fDbcUIDwFiAxqJj6tXbAbXlXhqQJne3muFVVwc0XM0x3r4_tndY7p_ozcfGd1-Fss5GdLOypPXCd9jWQNZq-Urq9t4eF_8=w122-h92-k-no | https://lh3.googleusercontent.com/gps-cs-s/AHVAweoBwtlQ155Opi7t3BEMQjh99K80h1sTBLa-1Fd6sWgMp4VDl-aEZVA0KseGClmP5J46ehigzrsl3iJ-KFYPvu83mWe0tcUu1LO_AQ9jvCVF2MGAuJT_lGIz4fd6YRCklPbDNOrJ=w163-h92-k-no | https://lh3.googleusercontent.com/gps-cs-s/AHVAwepruRipLvIg3nSYFlL9uYzIqxI8XOeP0yZHTk8wlmD2gFxxH8xJGmrXPjiZJrYz6cMGNc6CIBjRK0Uf15eGgi8_25492FkQKhcg3wxFHgP95Y1VbCPpJbAmLgs4lIjuNt31diKt=w80-h106-k-no | https://lh3.googleusercontent.com/gps-cs-s/AHVAweopaFf5wPCOb1_IaHNs19JbU9kTj08e8Y9toCDV84MD7wDoj1gHXPyuZTf8NPyiofChkbaPq0Vq2vfYdDw9g72dVfKO5D5Z3m1GPLx2I-ZFR8gMu_LLhGDc_6ROt9Xx77u1uGza=w80-h106-k-no | https://lh3.googleusercontent.com/gps-cs-s/AHVAweo1P7oEovOQZdM-zsBezKoR_rd17fGWfVnR4VRiszZ7OcrwMNbum8AHjXNqZNFHy_fh08TQr6yt5aEZ1hweJhCssVTr3AOANn-6nxZh6Jrf4wMO8mPodH5XAzwNtz8KfzYGC3VKBcN_4wAV=w122-h92-k-no
Warren Tavern,BOS-CHT-158,42.3768973,-71.0840599,"2 Pleasant St, Charlestown, MA 02129, United States",02129,Boston,MA,https://lh3.googleusercontent.com/gps-cs-s/AHVAweqL7qml8HEXKps3ba-5VvZtLLbm7tf7L6fFi3h6qcypP-XyYlNar1Ek49-ax-TSslk30DzXe0YVTf7EiicXh9VqhPQvtHFHDle7zj6uhSiN-AL62E_5_AgQoleBOcjpV09_nJ6Qtg=w32-h32-p-k-no | https://lh3.googleusercontent.com/gps-cs-s/AHVAwer7BVi_KWtTWgXi1q7h5Ay4xYNiFvG0j7VpMufFJ7fDbcUIDwFiAxqJj6tXbAbXlXhqQJne3muFVVwc0XM0x3r4_tndY7p_ozcfGd1-Fss5GdLOypPXCd9jWQNZq-Urq9t4eF_8=w122-h92-k-no | https://lh3.googleusercontent.com/gps-cs-s/AHVAweoBwtlQ155Opi7t3BEMQjh99K80h1sTBLa-1Fd6sWgMp4VDl-aEZVA0KseGClmP5J46ehigzrsl3iJ-KFYPvu83mWe0tcUu1LO_AQ9jvCVF2MGAuJT_lGIz4fd6YRCklPbDNOrJ=w163-h92-k-no | https://lh3.googleusercontent.com/gps-cs-s/AHVAwepruRipLvIg3nSYFlL9uYzIqxI8XOeP0yZHTk8wlmD2gFxxH8xJGmrXPjiZJrYz6cMGNc6CIBjRK0Uf15eGgi8_25492FkQKhcg3wxFHgP95Y1VbCPpJbAmLgs4lIjuNt31diKt=w80-h106-k-no | https://lh3.googleusercontent.com/gps-cs-s/AHVAweopaFf5wPCOb1_IaHNs19JbU9kTj08e8Y9toCDV84MD7wDoj1gHXPyuZTf8NPyiofChkbaPq0Vq2vfYdDw9g72dVfKO5D5Z3m1GPLx2I-ZFR8gMu_LLhGDc_6ROt9Xx77u1uGza=w80-h106-k-no
The Bacon Truck Cafe,BOS-CHT-159,42.3768973,-71.0840599,"50 Terminal St, Charlestown, MA 02129, United States",02129,Boston,MA,https://lh3.googleusercontent.com/gps-cs-s/AHVAweqB1R3pNRxLN2kS4yUvagKoBAYJTa-PXcSRe2DF1lwHCziy-7WiCzPaHjDo7eO4-klfVkDmzEb840kcBN9KibKB8M70FKZUT1caN5J20X4x-b_k4-WaltH2FyfdCGWNBFtt68AGYQ=w32-h32-p-k-no | https://lh3.googleusercontent.com/gps-cs-s/AHVAweqL7qml8HEXKps3ba-5VvZtLLbm7tf7L6fFi3h6qcypP-XyYlNar1Ek49-ax-TSslk30DzXe0YVTf7EiicXh9VqhPQvtHFHDle7zj6uhSiN-AL62E_5_AgQoleBOcjpV09_nJ6Qtg=w32-h32-p-k-no | https://lh3.googleusercontent.com/gps-cs-s/AHVAwer7BVi_KWtTWgXi1q7h5Ay4xYNiFvG0j7VpMufFJ7fDbcUIDwFiAxqJj6tXbAbXlXhqQJne3muFVVwc0XM0x3r4_tndY7p_ozcfGd1-Fss5GdLOypPXCd9jWQNZq-Urq9t4eF_8=w122-h92-k-no | https://lh3.googleusercontent.com/gps-cs-s/AHVAweoBwtlQ155Opi7t3BEMQjh99K80h1sTBLa-1Fd6sWgMp4VDl-aEZVA0KseGClmP5J46ehigzrsl3iJ-KFYPvu83mWe0tcUu1LO_AQ9jvCVF2MGAuJT_lGIz4fd6YRCklPbDNOrJ=w163-h92-k-no | https://lh3.googleusercontent.com/gps-cs-s/AHVAwepruRipLvIg3nSYFlL9uYzIqxI8XOeP0yZHTk8wlmD2gFxxH8xJGmrXPjiZJrYz6cMGNc6CIBjRK0Uf15eGgi8_25492FkQKhcg3wxFHgP95Y1VbCPpJbAmLgs4lIjuNt31diKt=w80-h106-k-no
The Anchor,BOS-CHT-160,42.3738601,-71.0713177,"1 Shipyard Park, Charlestown, MA 02129, United States",02129,Boston,MA,https://lh3.googleusercontent.com/gps-cs-s/AHVAwerzwt-i1HL7TMrXLBo7DYZNjD-F1Y9K3SIyQUSK8PR-n0jll1Sj2kbjKRp1EIccX6zl8E9kgfxj9x6kJa_FPT12uwxSdkk7X_qyXHRjWzFyEgln85lXFF4Qka9SHHSORwSEyJwY=w32-h32-p-k-no | https://lh3.googleusercontent.com/gps-cs-s/AHVAweqB1R3pNRxLN2kS4yUvagKoBAYJTa-PXcSRe2DF1lwHCziy-7WiCzPaHjDo7eO4-klfVkDmzEb840kcBN9KibKB8M70FKZUT1caN5J20X4x-b_k4-WaltH2FyfdCGWNBFtt68AGYQ=w32-h32-p-k-no | https://lh3.googleusercontent.com/gps-cs-s/AHVAwer7BVi_KWtTWgXi1q7h5Ay4xYNiFvG0j7VpMufFJ7fDbcUIDwFiAxqJj6tXbAbXlXhqQJne3muFVVwc0XM0x3r4_tndY7p_ozcfGd1-Fss5GdLOypPXCd9jWQNZq-Urq9t4eF_8=w122-h92-k-no | https://lh3.googleusercontent.com/gps-cs-s/AHVAweoBwtlQ155Opi7t3BEMQjh99K80h1sTBLa-1Fd6sWgMp4VDl-aEZVA0KseGClmP5J46ehigzrsl3iJ-KFYPvu83mWe0tcUu1LO_AQ9jvCVF2MGAuJT_lGIz4fd6YRCklPbDNOrJ=w163-h92-k-no | https://lh3.googleusercontent.com/gps-cs-s/AHVAwepruRipLvIg3nSYFlL9uYzIqxI8XOeP0yZHTk8wlmD2gFxxH8xJGmrXPjiZJrYz6cMGNc6CIBjRK0Uf15eGgi8_25492FkQKhcg3wxFHgP95Y1VbCPpJbAmLgs4lIjuNt31diKt=w80-h106-k-no
Ali Baba Turkish Restaurant (Charlestown),BOS-CHT-161,42.3825349,-71.0972591,"99 A Cambridge St, Charlestown, MA 02129, United States",02129,Boston,MA,https://lh3.googleusercontent.com/gps-cs-s/AHVAwepRMcXNEqYCI_M_uzYZht-4HUh8kAzqJzBGrHVqQdqQ_xMJ3B_Tua2QRWDa83Bz6dnX1Z1FwnaZih00cRbKzDDdI5ANeIauJ5wo323mCIDKA5GZLyDciv3_bGK5RK5S1Qtunwc=w32-h32-p-k-no | https://lh3.googleusercontent.com/gps-cs-s/AHVAwerzwt-i1HL7TMrXLBo7DYZNjD-F1Y9K3SIyQUSK8PR-n0jll1Sj2kbjKRp1EIccX6zl8E9kgfxj9x6kJa_FPT12uwxSdkk7X_qyXHRjWzFyEgln85lXFF4Qka9SHHSORwSEyJwY=w32-h32-p-k-no | https://lh3.googleusercontent.com/gps-cs-s/AHVAwer7BVi_KWtTWgXi1q7h5Ay4xYNiFvG0j7VpMufFJ7fDbcUIDwFiAxqJj6tXbAbXlXhqQJne3muFVVwc0XM0x3r4_tndY7p_ozcfGd1-Fss5GdLOypPXCd9jWQNZq-Urq9t4eF_8=w122-h92-k-no | https://lh3.googleusercontent.com/gps-cs-s/AHVAweoBwtlQ155Opi7t3BEMQjh99K80h1sTBLa-1Fd6sWgMp4VDl-aEZVA0KseGClmP5J46ehigzrsl3iJ-KFYPvu83mWe0tcUu1LO_AQ9jvCVF2MGAuJT_lGIz4fd6YRCklPbDNOrJ=w163-h92-k-no | https://lh3.googleusercontent.com/gps-cs-s/AHVAwepruRipLvIg3nSYFlL9uYzIqxI8XOeP0yZHTk8wlmD2gFxxH8xJGmrXPjiZJrYz6cMGNc6CIBjRK0Uf15eGgi8_25492FkQKhcg3wxFHgP95Y1VbCPpJbAmLgs4lIjuNt31diKt=w80-h106-k-no
Foundation Kitchen,BOS-CHT-162,42.3825349,-71.0972591,"32 Cambridge St, Charlestown, MA 02129, United States",02129,Boston,MA,https://lh3.googleusercontent.com/gps-cs-s/AHVAweqPZ0Vn7lSiZ7z9fqRp29NfTyJ_gaSThN1OOqPXVu0mLesYfgEnhJDUevLU0Ea2uCLM91ezUw532u7FCOne63RZY_4jsI-HBc7fMyGTFQ0ZqoiiQ-Fh1eCsxWeQmW2WtcVwEWi2JMfFCj2z=w32-h32-p-k-no | https://lh3.googleusercontent.com/gps-cs-s/AHVAwepRMcXNEqYCI_M_uzYZht-4HUh8kAzqJzBGrHVqQdqQ_xMJ3B_Tua2QRWDa83Bz6dnX1Z1FwnaZih00cRbKzDDdI5ANeIauJ5wo323mCIDKA5GZLyDciv3_bGK5RK5S1Qtunwc=w32-h32-p-k-no | https://lh3.googleusercontent.com/gps-cs-s/AHVAwer7BVi_KWtTWgXi1q7h5Ay4xYNiFvG0j7VpMufFJ7fDbcUIDwFiAxqJj6tXbAbXlXhqQJne3muFVVwc0XM0x3r4_tndY7p_ozcfGd1-Fss5GdLOypPXCd9jWQNZq-Urq9t4eF_8=w122-h92-k-no | https://lh3.googleusercontent.com/gps-cs-s/AHVAweoBwtlQ155Opi7t3BEMQjh99K80h1sTBLa-1Fd6sWgMp4VDl-aEZVA0KseGClmP5J46ehigzrsl3iJ-KFYPvu83mWe0tcUu1LO_AQ9jvCVF2MGAuJT_lGIz4fd6YRCklPbDNOrJ=w163-h92-k-no | https://lh3.googleusercontent.com/gps-cs-s/AHVAwepruRipLvIg3nSYFlL9uYzIqxI8XOeP0yZHTk8wlmD2gFxxH8xJGmrXPjiZJrYz6cMGNc6CIBjRK0Uf15eGgi8_25492FkQKhcg3wxFHgP95Y1VbCPpJbAmLgs4lIjuNt31diKt=w80-h106-k-no
Market Sandwich,BOS-CHT-163,42.3756124,-71.0844223,"27 Austin St, Charlestown, MA 02129, United States",02129,Boston,MA,https://lh3.googleusercontent.com/gps-cs-s/AHVAwepZfMQsoUWfhbduxMesItuBJ5taSJt_CnvH1wfwKT4ItnaVatN3hBzcjF6p3mH6epEfdEiVhNy000z0I5ZLmgGKR0zqrBi31xKYXPMC9C85CkkU-QO5CKjQaV1apCI5SW69r9cDug=w32-h32-p-k-no | https://lh3.googleusercontent.com/gps-cs-s/AHVAweqPZ0Vn7lSiZ7z9fqRp29NfTyJ_gaSThN1OOqPXVu0mLesYfgEnhJDUevLU0Ea2uCLM91ezUw532u7FCOne63RZY_4jsI-HBc7fMyGTFQ0ZqoiiQ-Fh1eCsxWeQmW2WtcVwEWi2JMfFCj2z=w32-h32-p-k-no | https://lh3.googleusercontent.com/gps-cs-s/AHVAwer7BVi_KWtTWgXi1q7h5Ay4xYNiFvG0j7VpMufFJ7fDbcUIDwFiAxqJj6tXbAbXlXhqQJne3muFVVwc0XM0x3r4_tndY7p_ozcfGd1-Fss5GdLOypPXCd9jWQNZq-Urq9t4eF_8=w122-h92-k-no | https://lh3.googleusercontent.com/gps-cs-s/AHVAweoBwtlQ155Opi7t3BEMQjh99K80h1sTBLa-1Fd6sWgMp4VDl-aEZVA0KseGClmP5J46ehigzrsl3iJ-KFYPvu83mWe0tcUu1LO_AQ9jvCVF2MGAuJT_lGIz4fd6YRCklPbDNOrJ=w163-h92-k-no | https://lh3.googleusercontent.com/gps-cs-s/AHVAwepruRipLvIg3nSYFlL9uYzIqxI8XOeP0yZHTk8wlmD2gFxxH8xJGmrXPjiZJrYz6cMGNc6CIBjRK0Uf15eGgi8_25492FkQKhcg3wxFHgP95Y1VbCPpJbAmLgs4lIjuNt31diKt=w80-h106-k-no
Tatte Bakery & Cafe | Assembly Row,BOS-CHT-164,42.3922777,-71.0963819,"305 Assembly Row, Somerville, MA 02145, United States",02145,Boston,MA,https://lh3.googleusercontent.com/gps-cs-s/AHVAwepZfMQsoUWfhbduxMesItuBJ5taSJt_CnvH1wfwKT4ItnaVatN3hBzcjF6p3mH6epEfdEiVhNy000z0I5ZLmgGKR0zqrBi31xKYXPMC9C85CkkU-QO5CKjQaV1apCI5SW69r9cDug=w32-h32-p-k-no | https://lh3.googleusercontent.com/gps-cs-s/AHVAwer7BVi_KWtTWgXi1q7h5Ay4xYNiFvG0j7VpMufFJ7fDbcUIDwFiAxqJj6tXbAbXlXhqQJne3muFVVwc0XM0x3r4_tndY7p_ozcfGd1-Fss5GdLOypPXCd9jWQNZq-Urq9t4eF_8=w122-h92-k-no | https://lh3.googleusercontent.com/gps-cs-s/AHVAweoBwtlQ155Opi7t3BEMQjh99K80h1sTBLa-1Fd6sWgMp4VDl-aEZVA0KseGClmP5J46ehigzrsl3iJ-KFYPvu83mWe0tcUu1LO_AQ9jvCVF2MGAuJT_lGIz4fd6YRCklPbDNOrJ=w163-h92-k-no | https://lh3.googleusercontent.com/gps-cs-s/AHVAwepruRipLvIg3nSYFlL9uYzIqxI8XOeP0yZHTk8wlmD2gFxxH8xJGmrXPjiZJrYz6cMGNc6CIBjRK0Uf15eGgi8_25492FkQKhcg3wxFHgP95Y1VbCPpJbAmLgs4lIjuNt31diKt=w80-h106-k-no | https://lh3.googleusercontent.com/gps-cs-s/AHVAweopaFf5wPCOb1_IaHNs19JbU9kTj08e8Y9toCDV84MD7wDoj1gHXPyuZTf8NPyiofChkbaPq0Vq2vfYdDw9g72dVfKO5D5Z3m1GPLx2I-ZFR8gMu_LLhGDc_6ROt9Xx77u1uGza=w80-h106-k-no
Professor Pizza - Boston,BOS-CHT-165,42.3922777,-71.0963819,"32 Cambridge St, Charlestown, MA 02129, United States",02129,Boston,MA,https://lh3.googleusercontent.com/gps-cs-s/AHVAwep9p7-dodnTnplnmFeKL9qQoL_XBJou5FvM4ZSG7sh2ZoNrgc1YNyxRkLt3SgH3eEEbUHStXlafteQoAn-9s1dFVDl0dORxh32GhotJLEmISegjUb_VfEXD1Ra0O4gnxhz9GQvBzQ=w32-h32-p-k-no | https://lh3.googleusercontent.com/gps-cs-s/AHVAwer7BVi_KWtTWgXi1q7h5Ay4xYNiFvG0j7VpMufFJ7fDbcUIDwFiAxqJj6tXbAbXlXhqQJne3muFVVwc0XM0x3r4_tndY7p_ozcfGd1-Fss5GdLOypPXCd9jWQNZq-Urq9t4eF_8=w122-h92-k-no | https://lh3.googleusercontent.com/gps-cs-s/AHVAweoBwtlQ155Opi7t3BEMQjh99K80h1sTBLa-1Fd6sWgMp4VDl-aEZVA0KseGClmP5J46ehigzrsl3iJ-KFYPvu83mWe0tcUu1LO_AQ9jvCVF2MGAuJT_lGIz4fd6YRCklPbDNOrJ=w163-h92-k-no | https://lh3.googleusercontent.com/gps-cs-s/AHVAwepruRipLvIg3nSYFlL9uYzIqxI8XOeP0yZHTk8wlmD2gFxxH8xJGmrXPjiZJrYz6cMGNc6CIBjRK0Uf15eGgi8_25492FkQKhcg3wxFHgP95Y1VbCPpJbAmLgs4lIjuNt31diKt=w80-h106-k-no | https://lh3.googleusercontent.com/gps-cs-s/AHVAweopaFf5wPCOb1_IaHNs19JbU9kTj08e8Y9toCDV84MD7wDoj1gHXPyuZTf8NPyiofChkbaPq0Vq2vfYdDw9g72dVfKO5D5Z3m1GPLx2I-ZFR8gMu_LLhGDc_6ROt9Xx77u1uGza=w80-h106-k-no
Sweet Rice Charlestown Thai Sushi,BOS-CHT-166,42.3760304,-71.0827303,"187 Main St, Boston, MA 02129, United States",02129,Boston,MA,https://lh3.googleusercontent.com/gps-cs-s/AHVAwepDgCCIm6WrkzFoXYb8SxKbTF4StTP1CCFoID7nuvPvaIkDo3Qg0fIMtsOx8ktEzmBBG4HvYylr-Dd2KSFLssxX_Dlv1A8-INlN8EngLRJ-Bz54psSa0y-xOZ4KCMF9dot0Y_YyPg=w32-h32-p-k-no | https://lh3.googleusercontent.com/gps-cs-s/AHVAweplMXheoaXfukQcXg9olDJ00HDIO1hfrfJyMbKfGBtdNBvIr0ZQkvfnoJUtZF1hejIPZsXK3Ip0wxufSIZYRWtN8XBW_POTZxFzgqgbzyBwr_gAqiLShOyC0TEbQryt1qZnuTwql6yRfjc=w32-h32-p-k-no | https://lh3.googleusercontent.com/gps-cs-s/AHVAwer7BVi_KWtTWgXi1q7h5Ay4xYNiFvG0j7VpMufFJ7fDbcUIDwFiAxqJj6tXbAbXlXhqQJne3muFVVwc0XM0x3r4_tndY7p_ozcfGd1-Fss5GdLOypPXCd9jWQNZq-Urq9t4eF_8=w122-h92-k-no | https://lh3.googleusercontent.com/gps-cs-s/AHVAweoBwtlQ155Opi7t3BEMQjh99K80h1sTBLa-1Fd6sWgMp4VDl-aEZVA0KseGClmP5J46ehigzrsl3iJ-KFYPvu83mWe0tcUu1LO_AQ9jvCVF2MGAuJT_lGIz4fd6YRCklPbDNOrJ=w163-h92-k-no | https://lh3.googleusercontent.com/gps-cs-s/AHVAwepruRipLvIg3nSYFlL9uYzIqxI8XOeP0yZHTk8wlmD2gFxxH8xJGmrXPjiZJrYz6cMGNc6CIBjRK0Uf15eGgi8_25492FkQKhcg3wxFHgP95Y1VbCPpJbAmLgs4lIjuNt31diKt=w80-h106-k-no
Place & Gather,BOS-CHT-167,42.3760304,-71.0827303,"26 Common St, Charlestown, MA 02129, United States",02129,Boston,MA,https://lh3.googleusercontent.com/gps-cs-s/AHVAweoXNJTqDIJSBUURiCZsU32psVm2kNuqE_9m5CaxsBmxd4herDIgKv3HzFRTXjrsjCbjZ-5TtOYk3A2F8-I8ShX5M3bmDeLeUqqIZ_ZmOhIe3SPiFRx8Bb1gLMyACD1whDAijnFq=w32-h32-p-k-no | https://lh3.googleusercontent.com/gps-cs-s/AHVAwepDgCCIm6WrkzFoXYb8SxKbTF4StTP1CCFoID7nuvPvaIkDo3Qg0fIMtsOx8ktEzmBBG4HvYylr-Dd2KSFLssxX_Dlv1A8-INlN8EngLRJ-Bz54psSa0y-xOZ4KCMF9dot0Y_YyPg=w32-h32-p-k-no | https://lh3.googleusercontent.com/gps-cs-s/AHVAwer7BVi_KWtTWgXi1q7h5Ay4xYNiFvG0j7VpMufFJ7fDbcUIDwFiAxqJj6tXbAbXlXhqQJne3muFVVwc0XM0x3r4_tndY7p_ozcfGd1-Fss5GdLOypPXCd9jWQNZq-Urq9t4eF_8=w122-h92-k-no | https://lh3.googleusercontent.com/gps-cs-s/AHVAweoBwtlQ155Opi7t3BEMQjh99K80h1sTBLa-1Fd6sWgMp4VDl-aEZVA0KseGClmP5J46ehigzrsl3iJ-KFYPvu83mWe0tcUu1LO_AQ9jvCVF2MGAuJT_lGIz4fd6YRCklPbDNOrJ=w163-h92-k-no | https://lh3.googleusercontent.com/gps-cs-s/AHVAwepruRipLvIg3nSYFlL9uYzIqxI8XOeP0yZHTk8wlmD2gFxxH8xJGmrXPjiZJrYz6cMGNc6CIBjRK0Uf15eGgi8_25492FkQKhcg3wxFHgP95Y1VbCPpJbAmLgs4lIjuNt31diKt=w80-h106-k-no
Tatte Bakery & Cafe | Cambridge Crossing,BOS-CHT-168,42.3724289,-71.1111385,"210 Jacobs St, Cambridge, MA 02141, United States",02141,Boston,MA,https://lh3.googleusercontent.com/gps-cs-s/AHVAweqXvw2vSTs4d2DeuJaTKGylpVn5QsKpnPbJa7qomA0hMPMKW3GTxIoYtTtZgSro-pkNX_oJnuDl55maDuEeU-c3AlJdMt-qUKCreG4k5KnjtiViGdwLtWIaPfmmGWWGfuQG1S-VVUFX7-I=w199-h92-k-no | https://lh3.googleusercontent.com/gps-cs-s/AHVAwepP9omHmZyiZRqaqMWDFsxlcJDpL7gg42rlFWrOV2ODa8-d4A_J8rw2ioe5osj4RO6DXsCfhxGeuXzPMukttlB6cr9K2UrvvVAfYK3QiJkeoHecPjEC4s8Jwa5dcMEhY2y9qYNJ=w80-h106-k-no | https://lh3.googleusercontent.com/gps-proxy/ALd4DhEd6Ak7AOJvxVpPv6dy02ADxGGQFYm8b6_px3VVY9Qjo20xLh9S60ofCTXYcI8qeazxQByx76lHy6W4NSV8yXOGsueYK_BbPxuFKTBiA0qiYG867EvL5ZAGl_N3uP79WFupvXcbSdXRyD99qSskbN0c5m5gyF0TMBUgL_jxCKKcof74JBlNQ523=w163-h92-k-no | https://lh3.googleusercontent.com/gps-cs-s/AHVAwepEFezUVD0wkYMBZZptWvy8m9rS7Tt3wXhRQ-yC9d3FP840IHW_l_1GctW9cC_ruqxWkj7FABaK98SjzQ03lfEbVeNMKf7Pft8bMNF5_SrpbLBHfy34ZG1XZw1-N2n-DOjRlDqxdELdu2w=w122-h92-k-no | https://lh3.googleusercontent.com/gps-cs-s/AHVAwepY__rcxHAxzkPJvyXbwU6CBdt0FKqdNvwJXmoAuSy5UEZ1janbCKirz6jgBinxvrc3ZI4GaIOIxh2xSZPfva3VPvnHykEqCjQU0P_FyQH4gUmaS0aFOtwndomLtznlVXyHS44=w80-h120-k-no
Sorelle Bakery & Cafe,BOS-CHT-169,42.3724289,-71.1111385,"1 6th St, Charlestown, MA 02129, United States",02129,Boston,MA,https://lh3.googleusercontent.com/gps-cs-s/AHVAwerxNAyPp3jXm0qNMSYc4g6KtTEEjYqYGIn8TfW7lnkTCXgXI3KqeHrfO4uebJlI3JkuFG0iJOIw_gMqU82flA9fcn2lLW5Kk00d5To_wNd7wUmrT3_QiVQAPnHZ_5iZSXgHhW5iJQ=w32-h32-p-k-no | https://lh3.googleusercontent.com/gps-cs-s/AHVAweqXvw2vSTs4d2DeuJaTKGylpVn5QsKpnPbJa7qomA0hMPMKW3GTxIoYtTtZgSro-pkNX_oJnuDl55maDuEeU-c3AlJdMt-qUKCreG4k5KnjtiViGdwLtWIaPfmmGWWGfuQG1S-VVUFX7-I=w199-h92-k-no | https://lh3.googleusercontent.com/gps-cs-s/AHVAwepP9omHmZyiZRqaqMWDFsxlcJDpL7gg42rlFWrOV2ODa8-d4A_J8rw2ioe5osj4RO6DXsCfhxGeuXzPMukttlB6cr9K2UrvvVAfYK3QiJkeoHecPjEC4s8Jwa5dcMEhY2y9qYNJ=w80-h106-k-no | https://lh3.googleusercontent.com/gps-proxy/ALd4DhEd6Ak7AOJvxVpPv6dy02ADxGGQFYm8b6_px3VVY9Qjo20xLh9S60ofCTXYcI8qeazxQByx76lHy6W4NSV8yXOGsueYK_BbPxuFKTBiA0qiYG867EvL5ZAGl_N3uP79WFupvXcbSdXRyD99qSskbN0c5m5gyF0TMBUgL_jxCKKcof74JBlNQ523=w163-h92-k-no | https://lh3.googleusercontent.com/gps-cs-s/AHVAwepEFezUVD0wkYMBZZptWvy8m9rS7Tt3wXhRQ-yC9d3FP840IHW_l_1GctW9cC_ruqxWkj7FABaK98SjzQ03lfEbVeNMKf7Pft8bMNF5_SrpbLBHfy34ZG1XZw1-N2n-DOjRlDqxdELdu2w=w122-h92-k-no
Ogawa Coffee,BOS-CHT-170,42.3724289,-71.1111385,"10 Milk St, Boston, MA 02108, United States",02108,Boston,MA,https://lh3.googleusercontent.com/gps-cs-s/AHVAwep7wD5fb1x1yP6O1JgaCZWvxJ0PTdHsCl3xwrZnGZdQDmf-b9THVmyx1yVcC9yLKIvVzyA0VHVoNtq5TeAenL4d8aW7rObE2r5rxqsAtG9ginRUYa9HQrvmzf8KzW0Wfa3CDMjjAQ=w32-h32-p-k-no | https://lh3.googleusercontent.com/gps-cs-s/AHVAwerxNAyPp3jXm0qNMSYc4g6KtTEEjYqYGIn8TfW7lnkTCXgXI3KqeHrfO4uebJlI3JkuFG0iJOIw_gMqU82flA9fcn2lLW5Kk00d5To_wNd7wUmrT3_QiVQAPnHZ_5iZSXgHhW5iJQ=w32-h32-p-k-no | https://lh3.googleusercontent.com/gps-cs-s/AHVAweqXvw2vSTs4d2DeuJaTKGylpVn5QsKpnPbJa7qomA0hMPMKW3GTxIoYtTtZgSro-pkNX_oJnuDl55maDuEeU-c3AlJdMt-qUKCreG4k5KnjtiViGdwLtWIaPfmmGWWGfuQG1S-VVUFX7-I=w199-h92-k-no | https://lh3.googleusercontent.com/gps-cs-s/AHVAwepP9omHmZyiZRqaqMWDFsxlcJDpL7gg42rlFWrOV2ODa8-d4A_J8rw2ioe5osj4RO6DXsCfhxGeuXzPMukttlB6cr9K2UrvvVAfYK3QiJkeoHecPjEC4s8Jwa5dcMEhY2y9qYNJ=w80-h106-k-no | https://lh3.googleusercontent.com/gps-proxy/ALd4DhEd6Ak7AOJvxVpPv6dy02ADxGGQFYm8b6_px3VVY9Qjo20xLh9S60ofCTXYcI8qeazxQByx76lHy6W4NSV8yXOGsueYK_BbPxuFKTBiA0qiYG867EvL5ZAGl_N3uP79WFupvXcbSdXRyD99qSskbN0c5m5gyF0TMBUgL_jxCKKcof74JBlNQ523=w163-h92-k-no
Sip Café,BOS-CHT-171,42.3724289,-71.1111385,"0 Post Office Square, Boston, MA 02110, United States",02110,Boston,MA,https://lh3.googleusercontent.com/gps-cs-s/AHVAweqIoLRk0h0UMm0msC9U20Sgd6WIezAEJEM8p-PvkR-KjYJjI2aQPKlVydvVowN_Mw3h9c-dvufn8KwZoirCdOQ5gJse_1tcVIBf2PxeLqnSQKiJw4SrJYHz2skuDAnRIsFNNBNX=w32-h32-p-k-no | https://lh3.googleusercontent.com/gps-cs-s/AHVAwep7wD5fb1x1yP6O1JgaCZWvxJ0PTdHsCl3xwrZnGZdQDmf-b9THVmyx1yVcC9yLKIvVzyA0VHVoNtq5TeAenL4d8aW7rObE2r5rxqsAtG9ginRUYa9HQrvmzf8KzW0Wfa3CDMjjAQ=w32-h32-p-k-no | https://lh3.googleusercontent.com/gps-cs-s/AHVAweqXvw2vSTs4d2DeuJaTKGylpVn5QsKpnPbJa7qomA0hMPMKW3GTxIoYtTtZgSro-pkNX_oJnuDl55maDuEeU-c3AlJdMt-qUKCreG4k5KnjtiViGdwLtWIaPfmmGWWGfuQG1S-VVUFX7-I=w199-h92-k-no | https://lh3.googleusercontent.com/gps-cs-s/AHVAwepP9omHmZyiZRqaqMWDFsxlcJDpL7gg42rlFWrOV2ODa8-d4A_J8rw2ioe5osj4RO6DXsCfhxGeuXzPMukttlB6cr9K2UrvvVAfYK3QiJkeoHecPjEC4s8Jwa5dcMEhY2y9qYNJ=w80-h106-k-no | https://lh3.googleusercontent.com/gps-proxy/ALd4DhEd6Ak7AOJvxVpPv6dy02ADxGGQFYm8b6_px3VVY9Qjo20xLh9S60ofCTXYcI8qeazxQByx76lHy6W4NSV8yXOGsueYK_BbPxuFKTBiA0qiYG867EvL5ZAGl_N3uP79WFupvXcbSdXRyD99qSskbN0c5m5gyF0TMBUgL_jxCKKcof74JBlNQ523=w163-h92-k-no
Capitol Coffee House,BOS-CHT-172,42.3724289,-71.1111385,"122 Bowdoin St, Boston, MA 02108, United States",02108,Boston,MA,https://lh3.googleusercontent.com/gps-cs-s/AHVAweoJgnVtY0E8CsuTtI0ohf8qXjwjX5g_08y8TlRGhGQdWJsGpvF57XjuW6NDz4UEIQWGHP7aLUmN82CXZ8-_xqdVkL5CT7eNiMSOL-WJxUidP0BB9ZDHQAY3PI7nOy6XzkXCP-V7fQ=w32-h32-p-k-no | https://lh3.googleusercontent.com/gps-cs-s/AHVAweqIoLRk0h0UMm0msC9U20Sgd6WIezAEJEM8p-PvkR-KjYJjI2aQPKlVydvVowN_Mw3h9c-dvufn8KwZoirCdOQ5gJse_1tcVIBf2PxeLqnSQKiJw4SrJYHz2skuDAnRIsFNNBNX=w32-h32-p-k-no | https://lh3.googleusercontent.com/gps-cs-s/AHVAweqXvw2vSTs4d2DeuJaTKGylpVn5QsKpnPbJa7qomA0hMPMKW3GTxIoYtTtZgSro-pkNX_oJnuDl55maDuEeU-c3AlJdMt-qUKCreG4k5KnjtiViGdwLtWIaPfmmGWWGfuQG1S-VVUFX7-I=w199-h92-k-no | https://lh3.googleusercontent.com/gps-cs-s/AHVAwepP9omHmZyiZRqaqMWDFsxlcJDpL7gg42rlFWrOV2ODa8-d4A_J8rw2ioe5osj4RO6DXsCfhxGeuXzPMukttlB6cr9K2UrvvVAfYK3QiJkeoHecPjEC4s8Jwa5dcMEhY2y9qYNJ=w80-h106-k-no | https://lh3.googleusercontent.com/gps-proxy/ALd4DhEd6Ak7AOJvxVpPv6dy02ADxGGQFYm8b6_px3VVY9Qjo20xLh9S60ofCTXYcI8qeazxQByx76lHy6W4NSV8yXOGsueYK_BbPxuFKTBiA0qiYG867EvL5ZAGl_N3uP79WFupvXcbSdXRyD99qSskbN0c5m5gyF0TMBUgL_jxCKKcof74JBlNQ523=w163-h92-k-no
Caffè Paradiso,BOS-CHT-173,42.373584,-71.1347123,"1271 Cambridge St, Cambridge, MA 02139, United States",02139,Boston,MA,https://lh3.googleusercontent.com/gps-cs-s/AHVAwerkoj86nGyVE5Ps7Qm4Mdfm4R9onSjt_3ArxisOlH2pNqR3KRe-qvUrLx_NMG0W5DQm4NPdpNBeUma5veEpGgFRTVKtRWOJzyznHe6HK007lp9MFAflvanBVON07ijb0gb31fMh=w32-h32-p-k-no | https://lh3.googleusercontent.com/gps-cs-s/AHVAweoJgnVtY0E8CsuTtI0ohf8qXjwjX5g_08y8TlRGhGQdWJsGpvF57XjuW6NDz4UEIQWGHP7aLUmN82CXZ8-_xqdVkL5CT7eNiMSOL-WJxUidP0BB9ZDHQAY3PI7nOy6XzkXCP-V7fQ=w32-h32-p-k-no | https://lh3.googleusercontent.com/gps-cs-s/AHVAweqXvw2vSTs4d2DeuJaTKGylpVn5QsKpnPbJa7qomA0hMPMKW3GTxIoYtTtZgSro-pkNX_oJnuDl55maDuEeU-c3AlJdMt-qUKCreG4k5KnjtiViGdwLtWIaPfmmGWWGfuQG1S-VVUFX7-I=w199-h92-k-no | https://lh3.googleusercontent.com/gps-cs-s/AHVAwepP9omHmZyiZRqaqMWDFsxlcJDpL7gg42rlFWrOV2ODa8-d4A_J8rw2ioe5osj4RO6DXsCfhxGeuXzPMukttlB6cr9K2UrvvVAfYK3QiJkeoHecPjEC4s8Jwa5dcMEhY2y9qYNJ=w80-h106-k-no | https://lh3.googleusercontent.com/gps-proxy/ALd4DhEd6Ak7AOJvxVpPv6dy02ADxGGQFYm8b6_px3VVY9Qjo20xLh9S60ofCTXYcI8qeazxQByx76lHy6W4NSV8yXOGsueYK_BbPxuFKTBiA0qiYG867EvL5ZAGl_N3uP79WFupvXcbSdXRyD99qSskbN0c5m5gyF0TMBUgL_jxCKKcof74JBlNQ523=w163-h92-k-no
Pressed Cafe,BOS-CHT-174,42.3462293,-71.1172961,"105 Huntington Ave, Boston, MA 02199, United States",02199,Boston,MA,https://lh3.googleusercontent.com/gps-cs-s/AHVAwergES06fGuaHWZ1GqdAul035KIUynjECxTS-HGHjgRQBnzI49CwFaxYwuLfbZu84wIKt-69RPXg8Acr6S6nsQQPul0n2UU3AeAvpP35kuZn3FSZPvghqrC4hF3O7oDV2lixTfNX=w32-h32-p-k-no | https://lh3.googleusercontent.com/gps-cs-s/AHVAweoYm7O_iWjvWxFF67gh6NtAK-C-IgiYxK1lTjcfDKuJjoQIFCOz9GDfHxTmngj-6tAyB9ppGQ2OqSSZHVhVITecz1C7U5X13Sn-5hDErNOoUKYtQCGJr0K4E3VkALYXu3waSOmN=w32-h32-p-k-no | https://lh3.googleusercontent.com/gps-cs-s/AHVAweqXvw2vSTs4d2DeuJaTKGylpVn5QsKpnPbJa7qomA0hMPMKW3GTxIoYtTtZgSro-pkNX_oJnuDl55maDuEeU-c3AlJdMt-qUKCreG4k5KnjtiViGdwLtWIaPfmmGWWGfuQG1S-VVUFX7-I=w199-h92-k-no | https://lh3.googleusercontent.com/gps-cs-s/AHVAwepP9omHmZyiZRqaqMWDFsxlcJDpL7gg42rlFWrOV2ODa8-d4A_J8rw2ioe5osj4RO6DXsCfhxGeuXzPMukttlB6cr9K2UrvvVAfYK3QiJkeoHecPjEC4s8Jwa5dcMEhY2y9qYNJ=w80-h106-k-no | https://lh3.googleusercontent.com/gps-proxy/ALd4DhEd6Ak7AOJvxVpPv6dy02ADxGGQFYm8b6_px3VVY9Qjo20xLh9S60ofCTXYcI8qeazxQByx76lHy6W4NSV8yXOGsueYK_BbPxuFKTBiA0qiYG867EvL5ZAGl_N3uP79WFupvXcbSdXRyD99qSskbN0c5m5gyF0TMBUgL_jxCKKcof74JBlNQ523=w163-h92-k-no
Kushala Sip Lounge & Cafe Bar,BOS-CHT-175,42.3904643,-71.0727764,"140 Pearl St #1, Chelsea, MA 02150, United States",02150,Boston,MA,https://lh3.googleusercontent.com/gps-cs-s/AHVAwepB5BH_ubFeMuqUtPScyYRVWX6W0dzbwVC-rn6FLVyTp-UlRWYxe_4qnt6t82rjUwsW5psobUyzXkU_Vm4y9D32K8KFyD2Rd4pSO_5PIFcoedgwyWL_xRoPZhsBo8y6Qm8yzTNvkJid2xk=w32-h32-p-k-no | https://lh3.googleusercontent.com/gps-cs-s/AHVAweo2tzhUuViAX_fbWuta_hZFIDsJiHGa0r31va9XQW9eCG-n7HZRtJPEn6EmgBkPOAR2jMPTLJudK0ecgaL6DHaee6-P3_FXt16drZtiUYm5J9f40d-bc8F40Guoix-6wYW7ZVj2=w32-h32-p-k-no | https://lh3.googleusercontent.com/gps-cs-s/AHVAweqXvw2vSTs4d2DeuJaTKGylpVn5QsKpnPbJa7qomA0hMPMKW3GTxIoYtTtZgSro-pkNX_oJnuDl55maDuEeU-c3AlJdMt-qUKCreG4k5KnjtiViGdwLtWIaPfmmGWWGfuQG1S-VVUFX7-I=w199-h92-k-no | https://lh3.googleusercontent.com/gps-cs-s/AHVAwepP9omHmZyiZRqaqMWDFsxlcJDpL7gg42rlFWrOV2ODa8-d4A_J8rw2ioe5osj4RO6DXsCfhxGeuXzPMukttlB6cr9K2UrvvVAfYK3QiJkeoHecPjEC4s8Jwa5dcMEhY2y9qYNJ=w80-h106-k-no | https://lh3.googleusercontent.com/gps-proxy/ALd4DhEd6Ak7AOJvxVpPv6dy02ADxGGQFYm8b6_px3VVY9Qjo20xLh9S60ofCTXYcI8qeazxQByx76lHy6W4NSV8yXOGsueYK_BbPxuFKTBiA0qiYG867EvL5ZAGl_N3uP79WFupvXcbSdXRyD99qSskbN0c5m5gyF0TMBUgL_jxCKKcof74JBlNQ523=w163-h92-k-no
Cambridge - Jaho Coffee Roaster & Wine Bar,BOS-CHT-176,42.3904643,-71.0727764,"65 Meridian St, East Boston, MA 02128, United States",02128,Boston,MA,https://lh3.googleusercontent.com/gps-cs-s/AHVAwepvgrIZTr0i1_BbVHBVj1Q9y_PtbPERTcxK3HA3J_CFw7xaPO7dEiSVDBVKA6Qd1jSuM1URb-kqDr_rZBw2botFgPBSTSfO_cmrSD0Htw7dMULdgNyPx0hv3g0Sdlr6nbPjhLMY=w32-h32-p-k-no | https://lh3.googleusercontent.com/gps-cs-s/AHVAwepB5BH_ubFeMuqUtPScyYRVWX6W0dzbwVC-rn6FLVyTp-UlRWYxe_4qnt6t82rjUwsW5psobUyzXkU_Vm4y9D32K8KFyD2Rd4pSO_5PIFcoedgwyWL_xRoPZhsBo8y6Qm8yzTNvkJid2xk=w32-h32-p-k-no | https://lh3.googleusercontent.com/gps-cs-s/AHVAweqXvw2vSTs4d2DeuJaTKGylpVn5QsKpnPbJa7qomA0hMPMKW3GTxIoYtTtZgSro-pkNX_oJnuDl55maDuEeU-c3AlJdMt-qUKCreG4k5KnjtiViGdwLtWIaPfmmGWWGfuQG1S-VVUFX7-I=w199-h92-k-no | https://lh3.googleusercontent.com/gps-cs-s/AHVAwepP9omHmZyiZRqaqMWDFsxlcJDpL7gg42rlFWrOV2ODa8-d4A_J8rw2ioe5osj4RO6DXsCfhxGeuXzPMukttlB6cr9K2UrvvVAfYK3QiJkeoHecPjEC4s8Jwa5dcMEhY2y9qYNJ=w80-h106-k-no | https://lh3.googleusercontent.com/gps-proxy/ALd4DhEd6Ak7AOJvxVpPv6dy02ADxGGQFYm8b6_px3VVY9Qjo20xLh9S60ofCTXYcI8qeazxQByx76lHy6W4NSV8yXOGsueYK_BbPxuFKTBiA0qiYG867EvL5ZAGl_N3uP79WFupvXcbSdXRyD99qSskbN0c5m5gyF0TMBUgL_jxCKKcof74JBlNQ523=w163-h92-k-no
APM Coffee,BOS-CHT-177,42.3500576,-71.0961534,"99 Kneeland St, Boston, MA 02111, United States",02111,Boston,MA,https://lh3.googleusercontent.com/gps-cs-s/AHVAwepgH9tsSa_TpSA_oc55Fs_KSU1inlZMnC-6BeseUjbRB1Us7Q9rl0XvkAdwlut_synWbL2KZca8IF2gSthjphzl2v9nPVZgSFgrLTPgliSRqDbH6YGR9WXommC2to3G1I40mTDTkw=w32-h32-p-k-no | https://lh3.googleusercontent.com/gps-cs-s/AHVAwepvgrIZTr0i1_BbVHBVj1Q9y_PtbPERTcxK3HA3J_CFw7xaPO7dEiSVDBVKA6Qd1jSuM1URb-kqDr_rZBw2botFgPBSTSfO_cmrSD0Htw7dMULdgNyPx0hv3g0Sdlr6nbPjhLMY=w32-h32-p-k-no | https://lh3.googleusercontent.com/gps-cs-s/AHVAweqXvw2vSTs4d2DeuJaTKGylpVn5QsKpnPbJa7qomA0hMPMKW3GTxIoYtTtZgSro-pkNX_oJnuDl55maDuEeU-c3AlJdMt-qUKCreG4k5KnjtiViGdwLtWIaPfmmGWWGfuQG1S-VVUFX7-I=w199-h92-k-no | https://lh3.googleusercontent.com/gps-cs-s/AHVAwepP9omHmZyiZRqaqMWDFsxlcJDpL7gg42rlFWrOV2ODa8-d4A_J8rw2ioe5osj4RO6DXsCfhxGeuXzPMukttlB6cr9K2UrvvVAfYK3QiJkeoHecPjEC4s8Jwa5dcMEhY2y9qYNJ=w80-h106-k-no | https://lh3.googleusercontent.com/gps-proxy/ALd4DhEd6Ak7AOJvxVpPv6dy02ADxGGQFYm8b6_px3VVY9Qjo20xLh9S60ofCTXYcI8qeazxQByx76lHy6W4NSV8yXOGsueYK_BbPxuFKTBiA0qiYG867EvL5ZAGl_N3uP79WFupvXcbSdXRyD99qSskbN0c5m5gyF0TMBUgL_jxCKKcof74JBlNQ523=w163-h92-k-no
Milk Street Cafe,BOS-CHT-178,42.3670586,-71.0941956,"287 Causeway St, Boston, MA 02113, United States",02113,Boston,MA,https://lh3.googleusercontent.com/gps-cs-s/AHVAweqJOXCImKmFGsGNzn3F-GQVkDzv3gFNac3i_QsXyOORVK-svsfecooAlNF0Y_cyN2v0lWPYc-GJ5pcoK1HJpa-qQ59J_Ujta9eU9SyKpQtJ6f8mq5r9MhIAz0YOf5qrh2PTCuA=w32-h32-p-k-no | https://lh3.googleusercontent.com/gps-cs-s/AHVAwepgH9tsSa_TpSA_oc55Fs_KSU1inlZMnC-6BeseUjbRB1Us7Q9rl0XvkAdwlut_synWbL2KZca8IF2gSthjphzl2v9nPVZgSFgrLTPgliSRqDbH6YGR9WXommC2to3G1I40mTDTkw=w32-h32-p-k-no | https://lh3.googleusercontent.com/gps-cs-s/AHVAweqXvw2vSTs4d2DeuJaTKGylpVn5QsKpnPbJa7qomA0hMPMKW3GTxIoYtTtZgSro-pkNX_oJnuDl55maDuEeU-c3AlJdMt-qUKCreG4k5KnjtiViGdwLtWIaPfmmGWWGfuQG1S-VVUFX7-I=w199-h92-k-no | https://lh3.googleusercontent.com/gps-cs-s/AHVAwepP9omHmZyiZRqaqMWDFsxlcJDpL7gg42rlFWrOV2ODa8-d4A_J8rw2ioe5osj4RO6DXsCfhxGeuXzPMukttlB6cr9K2UrvvVAfYK3QiJkeoHecPjEC4s8Jwa5dcMEhY2y9qYNJ=w80-h106-k-no | https://lh3.googleusercontent.com/gps-proxy/ALd4DhEd6Ak7AOJvxVpPv6dy02ADxGGQFYm8b6_px3VVY9Qjo20xLh9S60ofCTXYcI8qeazxQByx76lHy6W4NSV8yXOGsueYK_BbPxuFKTBiA0qiYG867EvL5ZAGl_N3uP79WFupvXcbSdXRyD99qSskbN0c5m5gyF0TMBUgL_jxCKKcof74JBlNQ523=w163-h92-k-no
Tatte Bakery & Cafe | Third St,BOS-CHT-179,42.3670586,-71.0941956,"100 Hood Park Dr Ste 100A, Charlestown, MA 02129, United States",02129,Boston,MA,https://lh3.googleusercontent.com/gps-cs-s/AHVAwepmLHI_SQSeVvpsnBeuy47VVfLEBwlNpXyUjUwPeEKJ9UCqQuuTIkxpDww9noEkSrzA2MV7EkATi53gQlDbdQE4GGB_kRU-4CXImCTNRfy1brij8WpPrCjkk1JRxAtvw1Bk7JVx=w32-h32-p-k-no | https://lh3.googleusercontent.com/gps-cs-s/AHVAweqJOXCImKmFGsGNzn3F-GQVkDzv3gFNac3i_QsXyOORVK-svsfecooAlNF0Y_cyN2v0lWPYc-GJ5pcoK1HJpa-qQ59J_Ujta9eU9SyKpQtJ6f8mq5r9MhIAz0YOf5qrh2PTCuA=w32-h32-p-k-no | https://lh3.googleusercontent.com/gps-cs-s/AHVAweqXvw2vSTs4d2DeuJaTKGylpVn5QsKpnPbJa7qomA0hMPMKW3GTxIoYtTtZgSro-pkNX_oJnuDl55maDuEeU-c3AlJdMt-qUKCreG4k5KnjtiViGdwLtWIaPfmmGWWGfuQG1S-VVUFX7-I=w199-h92-k-no | https://lh3.googleusercontent.com/gps-cs-s/AHVAwepP9omHmZyiZRqaqMWDFsxlcJDpL7gg42rlFWrOV2ODa8-d4A_J8rw2ioe5osj4RO6DXsCfhxGeuXzPMukttlB6cr9K2UrvvVAfYK3QiJkeoHecPjEC4s8Jwa5dcMEhY2y9qYNJ=w80-h106-k-no | https://lh3.googleusercontent.com/gps-proxy/ALd4DhEd6Ak7AOJvxVpPv6dy02ADxGGQFYm8b6_px3VVY9Qjo20xLh9S60ofCTXYcI8qeazxQByx76lHy6W4NSV8yXOGsueYK_BbPxuFKTBiA0qiYG867EvL5ZAGl_N3uP79WFupvXcbSdXRyD99qSskbN0c5m5gyF0TMBUgL_jxCKKcof74JBlNQ523=w163-h92-k-no
Dovetail Restaurant,BOS-CHT-180,42.3752289,-71.0907875,"1 6th St, Charlestown, MA 02129, United States",02129,Boston,MA,
