Name,Shop Code,Latitude,Longitude,Full Address,Zip Code,Images
Viza Cafe,BOS-JP-101,42.306051,-71.1507574,"114 South St, Boston, MA 02130, United States",02130,
Cafe Siete,BOS-JP-102,42.306051,-71.1507574,"7 Pond St, Boston, MA 02130, United States",02130,https://lh3.googleusercontent.com/gps-cs-s/AHVAwerXc-XILiNherrqUVsBhQFtpqHHZ5j5yptzpGx-ihTbElJZkSGkBz2GyL9W5VR37OV3MEdy6Y_93Hrw4Ovo0YxYPOvnqkkKqq0wert3a4j3ok6bLDhANXS_ebapOqeQzmZ14Nx7K44kkDPb=w32-h32-p-k-no | https://lh3.googleusercontent.com/gps-cs-s/AHVAwerXc-XILiNherrqUVsBhQFtpqHHZ5j5yptzpGx-ihTbElJZkSGkBz2GyL9W5VR37OV3MEdy6Y_93Hrw4Ovo0YxYPOvnqkkKqq0wert3a4j3ok6bLDhANXS_ebapOqeQzmZ14Nx7K44kkDPb=w114-h86-k-no | https://lh3.googleusercontent.com/gps-cs-s/AHVAwepZyR_4bAGvABw0HVsGrlYsDBaGvpMMDJQW-W2XN_vxgnpnK0Ooqup4Lm60Xp-6ItaKyF3NsjaRLQQ4Pm7nmhA4sU5bGIh3q_Mp7Q6cRcoLrstg06-aNrRs9-_S6fAeJ60kXZIO8A=w114-h86-k-no | https://lh3.googleusercontent.com/gps-cs-s/AHVAweoBe_7IYROLASuwAnp2NcelTI9TfuDjQ_XUAFc1PMMWyF1s6bkXEqBjBVInIPFAfKtE8d00b6A4tBAnIZEU-M6s8Jc4ILFnhwIW_kw1YQtxv_q7E0_vvTI5ZZe9Hov4cqAyt2Rm=w129-h86-k-no | https://lh3.googleusercontent.com/gps-cs-s/AHVAweoZe0TTRLu1xnGch7s6KqZ1Gyo5tvXvw1kJzQwe5kCnTdZqXBHZaG20fDG7NZi-vGoHZL44MYS_wAFIKmMYIRnM9pt-iCxmNDway7u3HgBXYvseflr1M3zKphy3yf_IZFkWJQ1rHw=w114-h86-k-no
Caffè Nero,BOS-JP-103,42.306051,-71.1507574,"733 Centre St, Jamaica Plain, MA 02130, United States",02130,https://lh3.googleusercontent.com/gps-cs-s/AHVAweoBe_7IYROLASuwAnp2NcelTI9TfuDjQ_XUAFc1PMMWyF1s6bkXEqBjBVInIPFAfKtE8d00b6A4tBAnIZEU-M6s8Jc4ILFnhwIW_kw1YQtxv_q7E0_vvTI5ZZe9Hov4cqAyt2Rm=w32-h32-p-k-no | https://lh3.googleusercontent.com/gps-cs-s/AHVAwepZyR_4bAGvABw0HVsGrlYsDBaGvpMMDJQW-W2XN_vxgnpnK0Ooqup4Lm60Xp-6ItaKyF3NsjaRLQQ4Pm7nmhA4sU5bGIh3q_Mp7Q6cRcoLrstg06-aNrRs9-_S6fAeJ60kXZIO8A=w32-h32-p-k-no | https://lh3.googleusercontent.com/gps-cs-s/AHVAwerXc-XILiNherrqUVsBhQFtpqHHZ5j5yptzpGx-ihTbElJZkSGkBz2GyL9W5VR37OV3MEdy6Y_93Hrw4Ovo0YxYPOvnqkkKqq0wert3a4j3ok6bLDhANXS_ebapOqeQzmZ14Nx7K44kkDPb=w114-h86-k-no | https://lh3.googleusercontent.com/gps-cs-s/AHVAwepZyR_4bAGvABw0HVsGrlYsDBaGvpMMDJQW-W2XN_vxgnpnK0Ooqup4Lm60Xp-6ItaKyF3NsjaRLQQ4Pm7nmhA4sU5bGIh3q_Mp7Q6cRcoLrstg06-aNrRs9-_S6fAeJ60kXZIO8A=w114-h86-k-no | https://lh3.googleusercontent.com/gps-cs-s/AHVAweoBe_7IYROLASuwAnp2NcelTI9TfuDjQ_XUAFc1PMMWyF1s6bkXEqBjBVInIPFAfKtE8d00b6A4tBAnIZEU-M6s8Jc4ILFnhwIW_kw1YQtxv_q7E0_vvTI5ZZe9Hov4cqAyt2Rm=w129-h86-k-no
Jadu Cafe and Wine Bar,BOS-JP-104,42.306051,-71.1507574,"767 Centre St, Jamaica Plain, MA 02130, United States",02130,
Yely's Coffee Shop,BOS-JP-105,42.3227855,-71.1380991,"284 Centre St, Jamaica Plain, MA 02130, United States",02130,https://lh3.googleusercontent.com/gps-cs-s/AHVAwerqP3THcp-KVgUH6lWYwaunBaZ17Aj9dSwH8_3ieLIg6X9YmFYDhdJiNtmgJdvVShrQbEBI7gdo0EDRYEogYa6pCgqAiyamZryXWS98jOxIPnDV5FI-Ipg5p_i6zhNBRXlWO38knzWL4Yo=w32-h32-p-k-no | https://lh3.googleusercontent.com/gps-cs-s/AHVAweoBe_7IYROLASuwAnp2NcelTI9TfuDjQ_XUAFc1PMMWyF1s6bkXEqBjBVInIPFAfKtE8d00b6A4tBAnIZEU-M6s8Jc4ILFnhwIW_kw1YQtxv_q7E0_vvTI5ZZe9Hov4cqAyt2Rm=w32-h32-p-k-no | https://lh3.googleusercontent.com/gps-cs-s/AHVAwerXc-XILiNherrqUVsBhQFtpqHHZ5j5yptzpGx-ihTbElJZkSGkBz2GyL9W5VR37OV3MEdy6Y_93Hrw4Ovo0YxYPOvnqkkKqq0wert3a4j3ok6bLDhANXS_ebapOqeQzmZ14Nx7K44kkDPb=w114-h86-k-no | https://lh3.googleusercontent.com/gps-cs-s/AHVAwepZyR_4bAGvABw0HVsGrlYsDBaGvpMMDJQW-W2XN_vxgnpnK0Ooqup4Lm60Xp-6ItaKyF3NsjaRLQQ4Pm7nmhA4sU5bGIh3q_Mp7Q6cRcoLrstg06-aNrRs9-_S6fAeJ60kXZIO8A=w114-h86-k-no | https://lh3.googleusercontent.com/gps-cs-s/AHVAweoBe_7IYROLASuwAnp2NcelTI9TfuDjQ_XUAFc1PMMWyF1s6bkXEqBjBVInIPFAfKtE8d00b6A4tBAnIZEU-M6s8Jc4ILFnhwIW_kw1YQtxv_q7E0_vvTI5ZZe9Hov4cqAyt2Rm=w129-h86-k-no
Evergreen Eatery & Cafe,BOS-JP-106,42.3227855,-71.1380991,"154 Green St, Jamaica Plain, MA 02130, United States",02130,https://lh3.googleusercontent.com/gps-cs-s/AHVAwepuPz3uVDk-OT7xNwMUroV4BXUxLz_yXEVaCfbdPmx_vJzYlFziVLsph8t4OhYD6luIKBtAKaFdYxHBWcX7-XiJZuhA3XdsT_9b60---BclcmoD5XXBF79_tqh6zx5Eq6QEqWR-=w32-h32-p-k-no | https://lh3.googleusercontent.com/gps-cs-s/AHVAweoP1SrgUrpp5lJuF9HDybR0GFN8KoJfvY-y_fu8OCeJrF79CnvPjb_du9yr5vlLu8eAYIXcCP1n_I172epHZA10MMJSrkAPmWVdHKkR-gY1MQTuNs-XUvY2AFxKlVnrGkXN0u_pzQ=w32-h32-p-k-no | https://lh3.googleusercontent.com/gps-cs-s/AHVAwerXc-XILiNherrqUVsBhQFtpqHHZ5j5yptzpGx-ihTbElJZkSGkBz2GyL9W5VR37OV3MEdy6Y_93Hrw4Ovo0YxYPOvnqkkKqq0wert3a4j3ok6bLDhANXS_ebapOqeQzmZ14Nx7K44kkDPb=w114-h86-k-no | https://lh3.googleusercontent.com/gps-cs-s/AHVAwepZyR_4bAGvABw0HVsGrlYsDBaGvpMMDJQW-W2XN_vxgnpnK0Ooqup4Lm60Xp-6ItaKyF3NsjaRLQQ4Pm7nmhA4sU5bGIh3q_Mp7Q6cRcoLrstg06-aNrRs9-_S6fAeJ60kXZIO8A=w114-h86-k-no | https://lh3.googleusercontent.com/gps-cs-s/AHVAweoBe_7IYROLASuwAnp2NcelTI9TfuDjQ_XUAFc1PMMWyF1s6bkXEqBjBVInIPFAfKtE8d00b6A4tBAnIZEU-M6s8Jc4ILFnhwIW_kw1YQtxv_q7E0_vvTI5ZZe9Hov4cqAyt2Rm=w129-h86-k-no
Cafe La Paz,BOS-JP-107,42.3227855,-71.1380991,"101 S Huntington Ave, Boston, MA 02130, United States",02130,https://lh3.googleusercontent.com/gps-cs-s/AHVAwepuPz3uVDk-OT7xNwMUroV4BXUxLz_yXEVaCfbdPmx_vJzYlFziVLsph8t4OhYD6luIKBtAKaFdYxHBWcX7-XiJZuhA3XdsT_9b60---BclcmoD5XXBF79_tqh6zx5Eq6QEqWR-=w32-h32-p-k-no | https://lh3.googleusercontent.com/gps-cs-s/AHVAweoP1SrgUrpp5lJuF9HDybR0GFN8KoJfvY-y_fu8OCeJrF79CnvPjb_du9yr5vlLu8eAYIXcCP1n_I172epHZA10MMJSrkAPmWVdHKkR-gY1MQTuNs-XUvY2AFxKlVnrGkXN0u_pzQ=w32-h32-p-k-no | https://lh3.googleusercontent.com/gps-cs-s/AHVAwerXc-XILiNherrqUVsBhQFtpqHHZ5j5yptzpGx-ihTbElJZkSGkBz2GyL9W5VR37OV3MEdy6Y_93Hrw4Ovo0YxYPOvnqkkKqq0wert3a4j3ok6bLDhANXS_ebapOqeQzmZ14Nx7K44kkDPb=w114-h86-k-no | https://lh3.googleusercontent.com/gps-cs-s/AHVAwepZyR_4bAGvABw0HVsGrlYsDBaGvpMMDJQW-W2XN_vxgnpnK0Ooqup4Lm60Xp-6ItaKyF3NsjaRLQQ4Pm7nmhA4sU5bGIh3q_Mp7Q6cRcoLrstg06-aNrRs9-_S6fAeJ60kXZIO8A=w114-h86-k-no | https://lh3.googleusercontent.com/gps-cs-s/AHVAweoBe_7IYROLASuwAnp2NcelTI9TfuDjQ_XUAFc1PMMWyF1s6bkXEqBjBVInIPFAfKtE8d00b6A4tBAnIZEU-M6s8Jc4ILFnhwIW_kw1YQtxv_q7E0_vvTI5ZZe9Hov4cqAyt2Rm=w129-h86-k-no
Brassica Kitchen + Cafe,BOS-JP-108,42.3002616,-71.1491263,"3712 Washington St, Jamaica Plain, MA 02130, United States",02130,
Cafe Selah,BOS-JP-109,42.3002616,-71.1491263,"613 Centre St, Jamaica Plain, MA 02130, United States",02130,https://lh3.googleusercontent.com/gps-cs-s/AHVAweo3ATiOobdYEyh-7QvH83-X6laG01sJqwRTc3ZTLK1bS88oRSmUcV8IrV7YWNs-y0H-Wabw-9dSHNGBgYQIQmD-e-l3wvNlS0sxjbiZhhgFlA_Yrdp-OdakdHOJsHuglj1JTucMNg=w32-h32-p-k-no | https://lh3.googleusercontent.com/gps-cs-s/AHVAwerlG5kWOSFHHbRUj8NQ5NdIvC7C0ciOQPzfq9TTNVMDdKl4Ea1p7XMgdoZrJne-_qdNrB9N9oYMzGKm665JI8IwTE-mp8hQtqANyEeJgLuC33GdTIrQWR3oFp4TGpEg2hJOfUg7R1F0TMd3=w32-h32-p-k-no | https://lh3.googleusercontent.com/gps-cs-s/AHVAwerXc-XILiNherrqUVsBhQFtpqHHZ5j5yptzpGx-ihTbElJZkSGkBz2GyL9W5VR37OV3MEdy6Y_93Hrw4Ovo0YxYPOvnqkkKqq0wert3a4j3ok6bLDhANXS_ebapOqeQzmZ14Nx7K44kkDPb=w114-h86-k-no | https://lh3.googleusercontent.com/gps-cs-s/AHVAwepZyR_4bAGvABw0HVsGrlYsDBaGvpMMDJQW-W2XN_vxgnpnK0Ooqup4Lm60Xp-6ItaKyF3NsjaRLQQ4Pm7nmhA4sU5bGIh3q_Mp7Q6cRcoLrstg06-aNrRs9-_S6fAeJ60kXZIO8A=w114-h86-k-no | https://lh3.googleusercontent.com/gps-cs-s/AHVAweoBe_7IYROLASuwAnp2NcelTI9TfuDjQ_XUAFc1PMMWyF1s6bkXEqBjBVInIPFAfKtE8d00b6A4tBAnIZEU-M6s8Jc4ILFnhwIW_kw1YQtxv_q7E0_vvTI5ZZe9Hov4cqAyt2Rm=w129-h86-k-no
Solid Ground Cafe,BOS-JP-110,42.3336876,-71.1415089,"742 Huntington Ave, Boston, MA 02115, United States",02115,
Green T Coffee Shop - Rozzie,BOS-JP-111,42.2889392,-71.1699861,"873 South St, Roslindale, MA 02131, United States",02131,https://lh3.googleusercontent.com/gps-cs-s/AHVAwep6OZFamkxckp10oM2Z6cIMuMI0whunT8b8gnzihjxEnPvEkPyWooV70d3qqMZ_KgTbS5CNVdl_e3o3r1M4H6pct3K_Z6C41J8vyv3S_122hxl9CtKbfQC-r9-Ft-9Ja8MaAS0=w32-h32-p-k-no | https://lh3.googleusercontent.com/gps-cs-s/AHVAwepGddHoPc9zjqDxveSpXGFheTB2Qj2uTPVjspB1bTmAB_i7J_O_DUxjbAhso_gxHoy13wanAhoSrZegL3PKkiib1PjpzN-Hj5kl3j49IriUovwevdSVHvnh1t9WRFTDLt3Q-qeXSjlshnu_=w32-h32-p-k-no | https://lh3.googleusercontent.com/gps-cs-s/AHVAwerXc-XILiNherrqUVsBhQFtpqHHZ5j5yptzpGx-ihTbElJZkSGkBz2GyL9W5VR37OV3MEdy6Y_93Hrw4Ovo0YxYPOvnqkkKqq0wert3a4j3ok6bLDhANXS_ebapOqeQzmZ14Nx7K44kkDPb=w114-h86-k-no | https://lh3.googleusercontent.com/gps-cs-s/AHVAwepZyR_4bAGvABw0HVsGrlYsDBaGvpMMDJQW-W2XN_vxgnpnK0Ooqup4Lm60Xp-6ItaKyF3NsjaRLQQ4Pm7nmhA4sU5bGIh3q_Mp7Q6cRcoLrstg06-aNrRs9-_S6fAeJ60kXZIO8A=w114-h86-k-no | https://lh3.googleusercontent.com/gps-cs-s/AHVAweoBe_7IYROLASuwAnp2NcelTI9TfuDjQ_XUAFc1PMMWyF1s6bkXEqBjBVInIPFAfKtE8d00b6A4tBAnIZEU-M6s8Jc4ILFnhwIW_kw1YQtxv_q7E0_vvTI5ZZe9Hov4cqAyt2Rm=w129-h86-k-no
Madhouse Cafe,BOS-JP-112,42.3242702,-71.1114927,"24 Blue Hill Ave, Boston, MA 02119, United States",02119,
Life Alive Organic Cafe Jamaica Plain,BOS-JP-113,42.3197804,-71.1479894,"435 S Huntington Ave, Jamaica Plain, MA 02130, United States",02130,https://lh3.googleusercontent.com/gps-cs-s/AHVAweqGLo8wOSvEiGoZT4bNwSYrhX7-RJ_4o_zjIxlsaURp_jdnXk6zJapRgdm5oCxFquaTj19hWTGARWK76JHCoLCdvJNhIdJkdMbisG0f4HLiZO_-DuH-6E89_eK0n-HFZl48XBxs=w32-h32-p-k-no | https://lh3.googleusercontent.com/gps-cs-s/AHVAweoLWGHpOflivTJm4dPFOOZsmZC0WwyFAq05zIgvQBCDfKfw8Qxq3tcWO-FbqbczYq6vxJP5VfLXh1jKfE6UvR1a6r_tkuFu7Qbcykp_VsABIdOizeqklFjEneVi73yj7kozGmw=w32-h32-p-k-no | https://lh3.googleusercontent.com/gps-cs-s/AHVAwerXc-XILiNherrqUVsBhQFtpqHHZ5j5yptzpGx-ihTbElJZkSGkBz2GyL9W5VR37OV3MEdy6Y_93Hrw4Ovo0YxYPOvnqkkKqq0wert3a4j3ok6bLDhANXS_ebapOqeQzmZ14Nx7K44kkDPb=w114-h86-k-no | https://lh3.googleusercontent.com/gps-cs-s/AHVAwepZyR_4bAGvABw0HVsGrlYsDBaGvpMMDJQW-W2XN_vxgnpnK0Ooqup4Lm60Xp-6ItaKyF3NsjaRLQQ4Pm7nmhA4sU5bGIh3q_Mp7Q6cRcoLrstg06-aNrRs9-_S6fAeJ60kXZIO8A=w114-h86-k-no | https://lh3.googleusercontent.com/gps-cs-s/AHVAweoBe_7IYROLASuwAnp2NcelTI9TfuDjQ_XUAFc1PMMWyF1s6bkXEqBjBVInIPFAfKtE8d00b6A4tBAnIZEU-M6s8Jc4ILFnhwIW_kw1YQtxv_q7E0_vvTI5ZZe9Hov4cqAyt2Rm=w129-h86-k-no
Esthetic Bean Coffee Shop,BOS-JP-114,42.3295392,-71.0924091,"16 Preble St, South Boston, MA 02127, United States",02127,https://lh3.googleusercontent.com/gps-cs-s/AHVAweoKNuHNH6Z_ZXbnNw9ggid1m6BEH4rEbd97hgeCTRodKgFyk-TJLao_4OrY8HkQn0cu3neapFBBdhuO157Or0C4xB4kR1vrJIwnI66rnuXb8lZ678ng8nzi75CkeoIqR1cqmmU=w32-h32-p-k-no | https://lh3.googleusercontent.com/gps-cs-s/AHVAweqGLo8wOSvEiGoZT4bNwSYrhX7-RJ_4o_zjIxlsaURp_jdnXk6zJapRgdm5oCxFquaTj19hWTGARWK76JHCoLCdvJNhIdJkdMbisG0f4HLiZO_-DuH-6E89_eK0n-HFZl48XBxs=w32-h32-p-k-no | https://lh3.googleusercontent.com/gps-cs-s/AHVAwerXc-XILiNherrqUVsBhQFtpqHHZ5j5yptzpGx-ihTbElJZkSGkBz2GyL9W5VR37OV3MEdy6Y_93Hrw4Ovo0YxYPOvnqkkKqq0wert3a4j3ok6bLDhANXS_ebapOqeQzmZ14Nx7K44kkDPb=w114-h86-k-no | https://lh3.googleusercontent.com/gps-cs-s/AHVAwepZyR_4bAGvABw0HVsGrlYsDBaGvpMMDJQW-W2XN_vxgnpnK0Ooqup4Lm60Xp-6ItaKyF3NsjaRLQQ4Pm7nmhA4sU5bGIh3q_Mp7Q6cRcoLrstg06-aNrRs9-_S6fAeJ60kXZIO8A=w114-h86-k-no | https://lh3.googleusercontent.com/gps-cs-s/AHVAweoBe_7IYROLASuwAnp2NcelTI9TfuDjQ_XUAFc1PMMWyF1s6bkXEqBjBVInIPFAfKtE8d00b6A4tBAnIZEU-M6s8Jc4ILFnhwIW_kw1YQtxv_q7E0_vvTI5ZZe9Hov4cqAyt2Rm=w129-h86-k-no
Heidi’s House of Coffee,BOS-JP-115,42.3386237,-71.1432842,"350 Longwood Ave, Boston, MA 02215, United States",02215,https://lh3.googleusercontent.com/gps-cs-s/AHVAweodLLJnMb7COf72Dv4z6Pn61pNncbEysDIo7Rx9b6IRxQYvVc7L3R-QAqF9vxkvLX6UUkQoTslg6CWV5F9oEyN6gWh7DKV4fpwyVgfXjJWOGmVrXxcRx7ha9C-Ai3RB75VN7eWU3A=w32-h32-p-k-no | https://lh3.googleusercontent.com/gps-cs-s/AHVAweoKNuHNH6Z_ZXbnNw9ggid1m6BEH4rEbd97hgeCTRodKgFyk-TJLao_4OrY8HkQn0cu3neapFBBdhuO157Or0C4xB4kR1vrJIwnI66rnuXb8lZ678ng8nzi75CkeoIqR1cqmmU=w32-h32-p-k-no | https://lh3.googleusercontent.com/gps-cs-s/AHVAwerXc-XILiNherrqUVsBhQFtpqHHZ5j5yptzpGx-ihTbElJZkSGkBz2GyL9W5VR37OV3MEdy6Y_93Hrw4Ovo0YxYPOvnqkkKqq0wert3a4j3ok6bLDhANXS_ebapOqeQzmZ14Nx7K44kkDPb=w114-h86-k-no | https://lh3.googleusercontent.com/gps-cs-s/AHVAwepZyR_4bAGvABw0HVsGrlYsDBaGvpMMDJQW-W2XN_vxgnpnK0Ooqup4Lm60Xp-6ItaKyF3NsjaRLQQ4Pm7nmhA4sU5bGIh3q_Mp7Q6cRcoLrstg06-aNrRs9-_S6fAeJ60kXZIO8A=w114-h86-k-no | https://lh3.googleusercontent.com/gps-cs-s/AHVAweoBe_7IYROLASuwAnp2NcelTI9TfuDjQ_XUAFc1PMMWyF1s6bkXEqBjBVInIPFAfKtE8d00b6A4tBAnIZEU-M6s8Jc4ILFnhwIW_kw1YQtxv_q7E0_vvTI5ZZe9Hov4cqAyt2Rm=w129-h86-k-no
Green Haus Cafe,BOS-JP-116,42.3386237,-71.1432842,"1520 Tremont St, Boston, MA 02120, United States",02120,
South End - Jaho Coffee Roaster & Wine Bar,BOS-JP-117,42.3378821,-71.1115139,"1651 Washington St, Boston, MA 02118, United States",02118,https://lh3.googleusercontent.com/gps-cs-s/AHVAwerMM-np69XBwhW5jcOHz-OAnbWNW5MAxBQJt5LVhASOheE1lK5NCxuXVnMeEjJ9V6lMkAAiXAs6KEV3eBCIFdCTYvCFaLbrzCh6S9vmutbiFbK8jvyN8dAOoFpnOy4yON7-fC6aBQ=w32-h32-p-k-no | https://lh3.googleusercontent.com/gps-cs-s/AHVAwerUkADGXMk7RzQ7de1r_zeWBFA2VnpWda2z6xD3fNXIgPNG1LdguG1AEPDRXGs5K0LaJwkR9Ii1nuzy5Hb2kDkEwNWXwL6HwizTdtMqDudUU_PTYEju5klfMrPQL5_D2rEoV43NFVESAjPW=w32-h32-p-k-no | https://lh3.googleusercontent.com/gps-cs-s/AHVAwerXc-XILiNherrqUVsBhQFtpqHHZ5j5yptzpGx-ihTbElJZkSGkBz2GyL9W5VR37OV3MEdy6Y_93Hrw4Ovo0YxYPOvnqkkKqq0wert3a4j3ok6bLDhANXS_ebapOqeQzmZ14Nx7K44kkDPb=w114-h86-k-no | https://lh3.googleusercontent.com/gps-cs-s/AHVAwepZyR_4bAGvABw0HVsGrlYsDBaGvpMMDJQW-W2XN_vxgnpnK0Ooqup4Lm60Xp-6ItaKyF3NsjaRLQQ4Pm7nmhA4sU5bGIh3q_Mp7Q6cRcoLrstg06-aNrRs9-_S6fAeJ60kXZIO8A=w114-h86-k-no | https://lh3.googleusercontent.com/gps-cs-s/AHVAweoBe_7IYROLASuwAnp2NcelTI9TfuDjQ_XUAFc1PMMWyF1s6bkXEqBjBVInIPFAfKtE8d00b6A4tBAnIZEU-M6s8Jc4ILFnhwIW_kw1YQtxv_q7E0_vvTI5ZZe9Hov4cqAyt2Rm=w129-h86-k-no
Ethiopian Cafe,BOS-JP-118,42.3223843,-71.1451599,"377 Centre St, Jamaica Plain, MA 02130, United States",02130,https://lh3.googleusercontent.com/gps-cs-s/AHVAwerXc-XILiNherrqUVsBhQFtpqHHZ5j5yptzpGx-ihTbElJZkSGkBz2GyL9W5VR37OV3MEdy6Y_93Hrw4Ovo0YxYPOvnqkkKqq0wert3a4j3ok6bLDhANXS_ebapOqeQzmZ14Nx7K44kkDPb=w122-h92-k-no | https://lh3.googleusercontent.com/gps-cs-s/AHVAwepZyR_4bAGvABw0HVsGrlYsDBaGvpMMDJQW-W2XN_vxgnpnK0Ooqup4Lm60Xp-6ItaKyF3NsjaRLQQ4Pm7nmhA4sU5bGIh3q_Mp7Q6cRcoLrstg06-aNrRs9-_S6fAeJ60kXZIO8A=w122-h92-k-no | https://lh3.googleusercontent.com/gps-cs-s/AHVAweodwO5JRBM7b2eC3RI4OXwM83nztO8S-AhlJJZzflDN43PUIu3Jn3N6rI5GD3YZm7zSaADuUzLs4SvZpWa13vlyDE8TUXwt0usVzXs7r-xeImwzjA3KigefS47meMWAObFvKo-DOw=w138-h92-k-no | https://lh3.googleusercontent.com/gps-cs-s/AHVAweo3ATiOobdYEyh-7QvH83-X6laG01sJqwRTc3ZTLK1bS88oRSmUcV8IrV7YWNs-y0H-Wabw-9dSHNGBgYQIQmD-e-l3wvNlS0sxjbiZhhgFlA_Yrdp-OdakdHOJsHuglj1JTucMNg=w122-h92-k-no | https://lh3.googleusercontent.com/gps-cs-s/AHVAweqki981ooaC-6wjv04X32-EWGfXbfZFL9jVvvVP1nKjvbQQuJQ-YhVselCsOgNCIMXCiChSoj8pB49uHm-nsJrVBRooCinUK9_9BAYh6qV9Ri5aGWQYJH0ys9PXQ38Vz2EAUh937QfQtuTI=w163-h92-k-no
Dudley Cafe,BOS-JP-119,42.3300076,-71.1195132,"15 Warren St, Boston, MA 02119, United States",02119,https://lh3.googleusercontent.com/gps-cs-s/AHVAweoncZF9RC3zPGdZhwRrCay2DvfsZXxJ3ai2b132m_XV63nE6qcsLaNbp_gonmUKzPI48z2K3MSvLtWRn5zr-NxAnsuZlLq3CbTfgNZxet2p8ITR1YP36wp9iPsXuS840sAaff6w=w32-h32-p-k-no | https://lh3.googleusercontent.com/gps-cs-s/AHVAwerXc-XILiNherrqUVsBhQFtpqHHZ5j5yptzpGx-ihTbElJZkSGkBz2GyL9W5VR37OV3MEdy6Y_93Hrw4Ovo0YxYPOvnqkkKqq0wert3a4j3ok6bLDhANXS_ebapOqeQzmZ14Nx7K44kkDPb=w122-h92-k-no | https://lh3.googleusercontent.com/gps-cs-s/AHVAwepZyR_4bAGvABw0HVsGrlYsDBaGvpMMDJQW-W2XN_vxgnpnK0Ooqup4Lm60Xp-6ItaKyF3NsjaRLQQ4Pm7nmhA4sU5bGIh3q_Mp7Q6cRcoLrstg06-aNrRs9-_S6fAeJ60kXZIO8A=w122-h92-k-no | https://lh3.googleusercontent.com/gps-cs-s/AHVAweodwO5JRBM7b2eC3RI4OXwM83nztO8S-AhlJJZzflDN43PUIu3Jn3N6rI5GD3YZm7zSaADuUzLs4SvZpWa13vlyDE8TUXwt0usVzXs7r-xeImwzjA3KigefS47meMWAObFvKo-DOw=w138-h92-k-no | https://lh3.googleusercontent.com/gps-cs-s/AHVAweo3ATiOobdYEyh-7QvH83-X6laG01sJqwRTc3ZTLK1bS88oRSmUcV8IrV7YWNs-y0H-Wabw-9dSHNGBgYQIQmD-e-l3wvNlS0sxjbiZhhgFlA_Yrdp-OdakdHOJsHuglj1JTucMNg=w122-h92-k-no
Rifrullo Cafe,BOS-JP-120,42.3295729,-71.1623067,"147 Cypress St, Brookline, MA 02445, United States",02445,https://lh3.googleusercontent.com/gps-cs-s/AHVAwerXdDEpQiTObYaKMzM-EExvEMhxsA3_11fK5pLEI2YG71T9XbioxSQnNYYoFkYVmUJOYCXl0vKiN8vwI_s9hohqbWlD_6eixv5ceMZx-VLQjIPHMdzQqlZcO8uN66hD9oANBffL6w=w32-h32-p-k-no | https://lh3.googleusercontent.com/gps-cs-s/AHVAweoncZF9RC3zPGdZhwRrCay2DvfsZXxJ3ai2b132m_XV63nE6qcsLaNbp_gonmUKzPI48z2K3MSvLtWRn5zr-NxAnsuZlLq3CbTfgNZxet2p8ITR1YP36wp9iPsXuS840sAaff6w=w32-h32-p-k-no | https://lh3.googleusercontent.com/gps-cs-s/AHVAwerXc-XILiNherrqUVsBhQFtpqHHZ5j5yptzpGx-ihTbElJZkSGkBz2GyL9W5VR37OV3MEdy6Y_93Hrw4Ovo0YxYPOvnqkkKqq0wert3a4j3ok6bLDhANXS_ebapOqeQzmZ14Nx7K44kkDPb=w122-h92-k-no | https://lh3.googleusercontent.com/gps-cs-s/AHVAwepZyR_4bAGvABw0HVsGrlYsDBaGvpMMDJQW-W2XN_vxgnpnK0Ooqup4Lm60Xp-6ItaKyF3NsjaRLQQ4Pm7nmhA4sU5bGIh3q_Mp7Q6cRcoLrstg06-aNrRs9-_S6fAeJ60kXZIO8A=w122-h92-k-no | https://lh3.googleusercontent.com/gps-cs-s/AHVAweodwO5JRBM7b2eC3RI4OXwM83nztO8S-AhlJJZzflDN43PUIu3Jn3N6rI5GD3YZm7zSaADuUzLs4SvZpWa13vlyDE8TUXwt0usVzXs7r-xeImwzjA3KigefS47meMWAObFvKo-DOw=w138-h92-k-no
Brothers & Sisters Co.,BOS-JP-121,42.3295729,-71.1623067,"7 Station St, Brookline, MA 02445, United States",02445,https://lh3.googleusercontent.com/gps-cs-s/AHVAweow-kfTCRAvUecuggTTInOSt_8Ye85GU7CdVH5ewk5QmpxtT80ajOp8gVlJwX02wwDZLA1cOBQ7xrUIu_EpjJhC6HcKi95dpKm_C612L0JgUlTK6REc3EoSqS_Ki2BSsG-EqHk=w32-h32-p-k-no | https://lh3.googleusercontent.com/gps-cs-s/AHVAwerXdDEpQiTObYaKMzM-EExvEMhxsA3_11fK5pLEI2YG71T9XbioxSQnNYYoFkYVmUJOYCXl0vKiN8vwI_s9hohqbWlD_6eixv5ceMZx-VLQjIPHMdzQqlZcO8uN66hD9oANBffL6w=w32-h32-p-k-no | https://lh3.googleusercontent.com/gps-cs-s/AHVAwerXc-XILiNherrqUVsBhQFtpqHHZ5j5yptzpGx-ihTbElJZkSGkBz2GyL9W5VR37OV3MEdy6Y_93Hrw4Ovo0YxYPOvnqkkKqq0wert3a4j3ok6bLDhANXS_ebapOqeQzmZ14Nx7K44kkDPb=w122-h92-k-no | https://lh3.googleusercontent.com/gps-cs-s/AHVAwepZyR_4bAGvABw0HVsGrlYsDBaGvpMMDJQW-W2XN_vxgnpnK0Ooqup4Lm60Xp-6ItaKyF3NsjaRLQQ4Pm7nmhA4sU5bGIh3q_Mp7Q6cRcoLrstg06-aNrRs9-_S6fAeJ60kXZIO8A=w122-h92-k-no | https://lh3.googleusercontent.com/gps-cs-s/AHVAweodwO5JRBM7b2eC3RI4OXwM83nztO8S-AhlJJZzflDN43PUIu3Jn3N6rI5GD3YZm7zSaADuUzLs4SvZpWa13vlyDE8TUXwt0usVzXs7r-xeImwzjA3KigefS47meMWAObFvKo-DOw=w138-h92-k-no
Cafe Landwer,BOS-JP-122,42.3352748,-71.186415,"383 Chestnut Hill Ave, Boston, MA 02135, United States",02135,https://lh3.googleusercontent.com/gps-cs-s/AHVAweplKsS5_wBi-AAeBTGrsZoZeOxWS3L6VvJQ-OdtIGwAnlzk1qpIMo3vnQVCP-QIxaSmt3K-mU4gJO3HW1bppc8octhOzccpzP4AKg9P-WPVrxSHlcd7HGewZ21mvZfFsOvMQkuq=w32-h32-p-k-no | https://lh3.googleusercontent.com/gps-cs-s/AHVAweow-kfTCRAvUecuggTTInOSt_8Ye85GU7CdVH5ewk5QmpxtT80ajOp8gVlJwX02wwDZLA1cOBQ7xrUIu_EpjJhC6HcKi95dpKm_C612L0JgUlTK6REc3EoSqS_Ki2BSsG-EqHk=w32-h32-p-k-no | https://lh3.googleusercontent.com/gps-cs-s/AHVAwerXc-XILiNherrqUVsBhQFtpqHHZ5j5yptzpGx-ihTbElJZkSGkBz2GyL9W5VR37OV3MEdy6Y_93Hrw4Ovo0YxYPOvnqkkKqq0wert3a4j3ok6bLDhANXS_ebapOqeQzmZ14Nx7K44kkDPb=w122-h92-k-no | https://lh3.googleusercontent.com/gps-cs-s/AHVAwepZyR_4bAGvABw0HVsGrlYsDBaGvpMMDJQW-W2XN_vxgnpnK0Ooqup4Lm60Xp-6ItaKyF3NsjaRLQQ4Pm7nmhA4sU5bGIh3q_Mp7Q6cRcoLrstg06-aNrRs9-_S6fAeJ60kXZIO8A=w122-h92-k-no | https://lh3.googleusercontent.com/gps-cs-s/AHVAweodwO5JRBM7b2eC3RI4OXwM83nztO8S-AhlJJZzflDN43PUIu3Jn3N6rI5GD3YZm7zSaADuUzLs4SvZpWa13vlyDE8TUXwt0usVzXs7r-xeImwzjA3KigefS47meMWAObFvKo-DOw=w138-h92-k-no
Dolce Vita Cafe,BOS-JP-123,42.3352748,-71.186415,"1698 Commonwealth Ave, Boston, MA 02135, United States",02135,https://lh3.googleusercontent.com/gps-cs-s/AHVAweqF2QiaTgIo2bH1pY7o11G0TVqmdyYZQMsWShb-lTh0NWGSpcezGp8L_UHNC04DJdY8reE0JYgHHl0EeJILiRKLfDWnygDkkPGAbpQC4x3uomFul4Fj2eBLuVPdsg2tvpGDMLwn=w32-h32-p-k-no | https://lh3.googleusercontent.com/gps-cs-s/AHVAweplKsS5_wBi-AAeBTGrsZoZeOxWS3L6VvJQ-OdtIGwAnlzk1qpIMo3vnQVCP-QIxaSmt3K-mU4gJO3HW1bppc8octhOzccpzP4AKg9P-WPVrxSHlcd7HGewZ21mvZfFsOvMQkuq=w32-h32-p-k-no | https://lh3.googleusercontent.com/gps-cs-s/AHVAwerXc-XILiNherrqUVsBhQFtpqHHZ5j5yptzpGx-ihTbElJZkSGkBz2GyL9W5VR37OV3MEdy6Y_93Hrw4Ovo0YxYPOvnqkkKqq0wert3a4j3ok6bLDhANXS_ebapOqeQzmZ14Nx7K44kkDPb=w122-h92-k-no | https://lh3.googleusercontent.com/gps-cs-s/AHVAwepZyR_4bAGvABw0HVsGrlYsDBaGvpMMDJQW-W2XN_vxgnpnK0Ooqup4Lm60Xp-6ItaKyF3NsjaRLQQ4Pm7nmhA4sU5bGIh3q_Mp7Q6cRcoLrstg06-aNrRs9-_S6fAeJ60kXZIO8A=w122-h92-k-no | https://lh3.googleusercontent.com/gps-cs-s/AHVAweodwO5JRBM7b2eC3RI4OXwM83nztO8S-AhlJJZzflDN43PUIu3Jn3N6rI5GD3YZm7zSaADuUzLs4SvZpWa13vlyDE8TUXwt0usVzXs7r-xeImwzjA3KigefS47meMWAObFvKo-DOw=w138-h92-k-no
Flour Bakery + Cafe,BOS-JP-124,42.3384642,-71.1106898,"1595 Washington St, Boston, MA 02118, United States",02118,https://lh3.googleusercontent.com/gps-cs-s/AHVAweqtDYYjRYZqHNlIlT2dcSDL5aQ0vqs0ghHsZ2Cx4B81QGdX6j7G1j-cAZGqrcsijAEH7IidneECJt-rkKWEYPUn5ALSB1J-YABntKjfaK4dbvmqbPkm7JKbSgmWGPn10yBKSfw7XA=w32-h32-p-k-no | https://lh3.googleusercontent.com/gps-cs-s/AHVAweqF2QiaTgIo2bH1pY7o11G0TVqmdyYZQMsWShb-lTh0NWGSpcezGp8L_UHNC04DJdY8reE0JYgHHl0EeJILiRKLfDWnygDkkPGAbpQC4x3uomFul4Fj2eBLuVPdsg2tvpGDMLwn=w32-h32-p-k-no | https://lh3.googleusercontent.com/gps-cs-s/AHVAwerXc-XILiNherrqUVsBhQFtpqHHZ5j5yptzpGx-ihTbElJZkSGkBz2GyL9W5VR37OV3MEdy6Y_93Hrw4Ovo0YxYPOvnqkkKqq0wert3a4j3ok6bLDhANXS_ebapOqeQzmZ14Nx7K44kkDPb=w122-h92-k-no | https://lh3.googleusercontent.com/gps-cs-s/AHVAwepZyR_4bAGvABw0HVsGrlYsDBaGvpMMDJQW-W2XN_vxgnpnK0Ooqup4Lm60Xp-6ItaKyF3NsjaRLQQ4Pm7nmhA4sU5bGIh3q_Mp7Q6cRcoLrstg06-aNrRs9-_S6fAeJ60kXZIO8A=w122-h92-k-no | https://lh3.googleusercontent.com/gps-cs-s/AHVAweodwO5JRBM7b2eC3RI4OXwM83nztO8S-AhlJJZzflDN43PUIu3Jn3N6rI5GD3YZm7zSaADuUzLs4SvZpWa13vlyDE8TUXwt0usVzXs7r-xeImwzjA3KigefS47meMWAObFvKo-DOw=w138-h92-k-no
Bakey,BOS-JP-125,42.3257615,-71.1031859,"151 Tremont St, Boston, MA 02111, United States",02111,https://lh3.googleusercontent.com/gps-cs-s/AHVAwepIoXQB0T7Tyx9svMWNFr8UlK8RCnquktddttSe9rgT7LZdw1u2tT_25ukydQPscjbV_ohMnngafIqC6WnCJLxcJ5Mkaf3MRqN2tgph8TrH_5mXoIP_zFF24KIzMn6sfH89wL3DfQ=w122-h92-k-no | https://lh3.googleusercontent.com/gps-cs-s/AHVAwepK9LPwnX71HfFjSOp98S9IOPwBwS5QRWCXr4s0an80j8KloisBsYJV5VVf4p17PRhosAQgGgk8wyDr7AWvDrJXOkdXSsvAi90OGykk6vfw-9_75S4VqSX8LRwKCP_iWIDI2gp-=w122-h92-k-no | https://lh3.googleusercontent.com/gps-cs-s/AHVAwep3tz1_MRMDuclt3DXFO0UvFXM2hU0JnEc5tCm-xm9AbQz8XGoeatqHpC8b4TeboTfFCULXY9zaWERdyoYbatowMQRQIGvr7427BvNPtIxjPKwS4XRYxoqninAQQWfo_EDWgIj0og=w80-h106-k-no | https://lh3.googleusercontent.com/gps-cs-s/AHVAweqajOoqsQXs5iKbQ_7xiMao7fbCUtNGQz7r-ZFuRZ_VA1Sr7yywfoUeqGUWJXOj9bXpmCAENm5WQEIr3rHaoCjjHKFwfc-hxKBxZjge4NwxlWoFpDUsmTNml6zOIVYWUMHambRJnA=w80-h106-k-no | https://lh3.googleusercontent.com/gps-cs-s/AHVAwerBlW4VWkeqzNeqL-TGcKNMIcDTLWFHWPlcg87qZjBILj4PUBynt6rOoz5rA2yF50uqsv3sE_YHPYddzNlMHVIcDW909wU1k8T1FEBbJWe9tpnDltPc07wH0aGfO5fMHGRQHmas=w80-h142-k-no
Caramelo Bakery & Cafe,BOS-JP-126,42.3117766,-71.1531483,"375 Blue Hill Ave, Boston, MA 02121, United States",02121,
Sultana's Bakery & Cafe,BOS-JP-127,42.344269,-71.2150894,"1585 Commonwealth Ave, Boston, MA 02135, United States",02135,https://lh3.googleusercontent.com/gps-cs-s/AHVAweqhijC4DfOHWUDccz6XHZf9NIKJ_aXIfwMuvp4E4jytd_iZuIdLTxWKlesqAnotBKAOTH5XkldTxa6F0c98mFeiN_zuQ-FmhyIGwnroveYIZ3y9ftP5hpTmyX9KCcMS58VsCH3dYw=w32-h32-p-k-no | https://lh3.googleusercontent.com/gps-cs-s/AHVAweowZDSfcijM4-N4SyvP5YiJhre7MzzVmajWfPVlPUQR3HypPHSwJYy3qxsRGH06N3d5ZwziuguIPug4JxelflsxQcPqLI42f_-c2zH-6TPbLUdS1FYPVtMbpme9ysA-6bouqE1jrw=w32-h32-p-k-no | https://lh3.googleusercontent.com/gps-cs-s/AHVAwepIoXQB0T7Tyx9svMWNFr8UlK8RCnquktddttSe9rgT7LZdw1u2tT_25ukydQPscjbV_ohMnngafIqC6WnCJLxcJ5Mkaf3MRqN2tgph8TrH_5mXoIP_zFF24KIzMn6sfH89wL3DfQ=w122-h92-k-no | https://lh3.googleusercontent.com/gps-cs-s/AHVAwepK9LPwnX71HfFjSOp98S9IOPwBwS5QRWCXr4s0an80j8KloisBsYJV5VVf4p17PRhosAQgGgk8wyDr7AWvDrJXOkdXSsvAi90OGykk6vfw-9_75S4VqSX8LRwKCP_iWIDI2gp-=w122-h92-k-no | https://lh3.googleusercontent.com/gps-cs-s/AHVAwep3tz1_MRMDuclt3DXFO0UvFXM2hU0JnEc5tCm-xm9AbQz8XGoeatqHpC8b4TeboTfFCULXY9zaWERdyoYbatowMQRQIGvr7427BvNPtIxjPKwS4XRYxoqninAQQWfo_EDWgIj0og=w80-h106-k-no
